date,mise
2023-07-07,36.0
2023-07-07,46.0
2023-07-07,41.0
2023-07-07,36.0
2023-07-07,44.0
2023-07-07,40.0
2023-07-07,42.0
2023-07-07,44.0
2023-07-07,38.0
2023-07-07,39.0
2023-07-07,35.0
2023-07-07,39.0
2023-07-08,12.0
2023-07-08,11.0
2023-07-08,15.0
2023-07-08,10.0
2023-07-08,13.0
2023-07-08,13.0
2023-07-08,5.0
2023-07-08,12.0
2023-07-08,13.0
2023-07-08,10.0
2023-07-08,14.0
2023-07-08,11.0
2023-07-08,12.0
2023-07-08,9.0
2023-07-08,11.0
2023-07-08,12.0
2023-07-08,11.0
2023-07-08,14.0
2023-07-08,11.0
2023-07-08,15.0
2023-07-08,12.0
2023-07-08,10.0
2023-07-08,10.0
2023-07-08,13.0
2023-07-09,17.0
2023-07-09,15.0
2023-07-09,18.0
2023-07-09,14.0
2023-07-09,22.0
2023-07-09,15.0
2023-07-09,12.0
2023-07-09,20.0
2023-07-09,15.0
2023-07-09,15.0
2023-07-09,17.0
2023-07-09,17.0
2023-07-09,17.0
2023-07-09,13.0
2023-07-09,14.0
2023-07-09,15.0
2023-07-09,10.0
2023-07-09,16.0
2023-07-09,16.0
2023-07-09,20.0
2023-07-09,16.0
2023-07-09,17.0
2023-07-09,13.0
2023-07-09,12.0
2023-07-09,19.0
2023-07-10,34.0
2023-07-10,30.0
2023-07-10,32.0
2023-07-10,39.0
2023-07-10,39.0
2023-07-10,30.0
2023-07-10,28.0
2023-07-10,40.0
2023-07-10,27.0
2023-07-10,24.0
2023-07-10,34.0
2023-07-10,37.0
2023-07-10,34.0
2023-07-10,28.0
2023-07-10,33.0
2023-07-10,30.0
2023-07-10,21.0
2023-07-10,33.0
2023-07-10,46.0
2023-07-10,33.0
2023-07-10,34.0
2023-07-10,31.0
2023-07-10,31.0
2023-07-10,28.0
2023-07-10,31.0
2023-07-11,18.0
2023-07-11,29.0
2023-07-11,21.0
2023-07-11,24.0
2023-07-11,21.0
2023-07-11,20.0
2023-07-11,13.0
2023-07-11,21.0
2023-07-11,19.0
2023-07-11,14.0
2023-07-11,19.0
2023-07-11,19.0
2023-07-11,18.0
2023-07-11,14.0
2023-07-11,18.0
2023-07-11,20.0
2023-07-11,13.0
2023-07-11,19.0
2023-07-11,21.0
2023-07-11,21.0
2023-07-11,18.0
2023-07-11,25.0
2023-07-11,16.0
2023-07-11,23.0
2023-07-11,18.0
2023-07-12,25.0
2023-07-12,24.0
2023-07-12,27.0
2023-07-12,25.0
2023-07-12,25.0
2023-07-12,21.0
2023-07-12,18.0
2023-07-12,23.0
2023-07-12,25.0
2023-07-12,19.0
2023-07-12,26.0
2023-07-12,24.0
2023-07-12,22.0
2023-07-12,22.0
2023-07-12,26.0
2023-07-12,23.0
2023-07-12,20.0
2023-07-12,27.0
2023-07-12,25.0
2023-07-12,23.0
2023-07-12,25.0
2023-07-12,24.0
2023-07-12,23.0
2023-07-12,20.0
2023-07-12,25.0
2023-07-13,26.0
2023-07-13,26.0
2023-07-13,27.0
2023-07-13,25.0
2023-07-13,24.0
2023-07-13,28.0
2023-07-13,13.0
2023-07-13,31.0
2023-07-13,24.0
2023-07-13,26.0
2023-07-13,27.0
2023-07-13,22.0
2023-07-13,20.0
2023-07-13,16.0
2023-07-13,20.0
2023-07-13,24.0
2023-07-13,13.0
2023-07-13,25.0
2023-07-13,24.0
2023-07-13,24.0
2023-07-13,22.0
2023-07-13,30.0
2023-07-13,22.0
2023-07-13,29.0
2023-07-13,24.0
2023-07-14,18.0
2023-07-14,13.0
2023-07-14,16.0
2023-07-14,26.0
2023-07-14,15.0
2023-07-14,8.0
2023-07-14,10.0
2023-07-14,19.0
2023-07-14,16.0
2023-07-14,9.0
2023-07-14,19.0
2023-07-14,16.0
2023-07-14,17.0
2023-07-14,7.0
2023-07-14,14.0
2023-07-14,17.0
2023-07-14,10.0
2023-07-14,14.0
2023-07-14,23.0
2023-07-14,17.0
2023-07-14,15.0
2023-07-14,18.0
2023-07-14,17.0
2023-07-14,15.0
2023-07-14,18.0
2023-07-15,23.0
2023-07-15,19.0
2023-07-15,26.0
2023-07-15,28.0
2023-07-15,28.0
2023-07-15,19.0
2023-07-15,17.0
2023-07-15,27.0
2023-07-15,24.0
2023-07-15,17.0
2023-07-15,25.0
2023-07-15,24.0
2023-07-15,22.0
2023-07-15,19.0
2023-07-15,21.0
2023-07-15,22.0
2023-07-15,13.0
2023-07-15,21.0
2023-07-15,27.0
2023-07-15,23.0
2023-07-15,17.0
2023-07-15,18.0
2023-07-15,23.0
2023-07-15,21.0
2023-07-15,23.0
2023-07-16,32.0
2023-07-16,30.0
2023-07-16,37.0
2023-07-16,36.0
2023-07-16,34.0
2023-07-16,32.0
2023-07-16,24.0
2023-07-16,32.0
2023-07-16,34.0
2023-07-16,28.0
2023-07-16,33.0
2023-07-16,30.0
2023-07-16,29.0
2023-07-16,27.0
2023-07-16,27.0
2023-07-16,31.0
2023-07-16,18.0
2023-07-16,31.0
2023-07-16,32.0
2023-07-16,28.0
2023-07-16,31.0
2023-07-16,31.0
2023-07-16,29.0
2023-07-16,25.0
2023-07-16,32.0
2023-07-17,26.0
2023-07-17,29.0
2023-07-17,33.0
2023-07-17,25.0
2023-07-17,28.0
2023-07-17,29.0
2023-07-17,19.0
2023-07-17,29.0
2023-07-17,30.0
2023-07-17,24.0
2023-07-17,28.0
2023-07-17,26.0
2023-07-17,23.0
2023-07-17,21.0
2023-07-17,25.0
2023-07-17,27.0
2023-07-17,14.0
2023-07-17,31.0
2023-07-17,23.0
2023-07-17,23.0
2023-07-17,27.0
2023-07-17,23.0
2023-07-17,24.0
2023-07-17,20.0
2023-07-17,27.0
2023-07-18,12.0
2023-07-18,15.0
2023-07-18,18.0
2023-07-18,30.0
2023-07-18,17.0
2023-07-18,16.0
2023-07-18,9.0
2023-07-18,18.0
2023-07-18,15.0
2023-07-18,13.0
2023-07-18,15.0
2023-07-18,15.0
2023-07-18,15.0
2023-07-18,13.0
2023-07-18,12.0
2023-07-18,20.0
2023-07-18,16.0
2023-07-18,11.0
2023-07-18,10.0
2023-07-18,18.0
2023-07-18,17.0
2023-07-18,29.0
2023-07-18,15.0
2023-07-18,15.0
2023-07-18,13.0
2023-07-19,30.0
2023-07-19,26.0
2023-07-19,34.0
2023-07-19,31.0
2023-07-19,36.0
2023-07-19,28.0
2023-07-19,28.0
2023-07-19,37.0
2023-07-19,31.0
2023-07-19,33.0
2023-07-19,22.0
2023-07-19,29.0
2023-07-19,25.0
2023-07-19,31.0
2023-07-19,29.0
2023-07-19,15.0
2023-07-19,32.0
2023-07-19,31.0
2023-07-19,29.0
2023-07-19,35.0
2023-07-19,16.0
2023-07-19,28.0
2023-07-19,25.0
2023-07-19,29.0
2023-07-20,58.0
2023-07-20,56.0
2023-07-20,61.0
2023-07-20,53.0
2023-07-20,61.0
2023-07-20,58.0
2023-07-20,53.0
2023-07-20,58.0
2023-07-20,53.0
2023-07-20,59.0
2023-07-20,64.0
2023-07-20,49.0
2023-07-20,48.0
2023-07-20,59.0
2023-07-20,54.0
2023-07-20,58.0
2023-07-20,62.0
2023-07-20,55.0
2023-07-20,50.0
2023-07-20,58.0
2023-07-20,53.0
2023-07-20,53.0
2023-07-20,46.0
2023-07-20,57.0
2023-07-21,66.0
2023-07-21,62.0
2023-07-21,70.0
2023-07-21,58.0
2023-07-21,63.0
2023-07-21,64.0
2023-07-21,54.0
2023-07-21,57.0
2023-07-21,62.0
2023-07-21,69.0
2023-07-21,59.0
2023-07-21,60.0
2023-07-21,54.0
2023-07-21,61.0
2023-07-21,62.0
2023-07-21,62.0
2023-07-21,65.0
2023-07-21,58.0
2023-07-21,61.0
2023-07-21,68.0
2023-07-21,57.0
2023-07-21,61.0
2023-07-21,53.0
2023-07-21,65.0
2023-07-22,32.0
2023-07-22,28.0
2023-07-22,38.0
2023-07-22,30.0
2023-07-22,35.0
2023-07-22,31.0
2023-07-22,24.0
2023-07-22,31.0
2023-07-22,29.0
2023-07-22,32.0
2023-07-22,30.0
2023-07-22,29.0
2023-07-22,24.0
2023-07-22,30.0
2023-07-22,29.0
2023-07-22,28.0
2023-07-22,32.0
2023-07-22,30.0
2023-07-22,31.0
2023-07-22,31.0
2023-07-22,25.0
2023-07-22,28.0
2023-07-22,26.0
2023-07-22,30.0
2023-07-23,10.0
2023-07-23,10.0
2023-07-23,13.0
2023-07-23,9.0
2023-07-23,10.0
2023-07-23,10.0
2023-07-23,4.0
2023-07-23,11.0
2023-07-23,12.0
2023-07-23,10.0
2023-07-23,9.0
2023-07-23,9.0
2023-07-23,6.0
2023-07-23,10.0
2023-07-23,9.0
2023-07-23,11.0
2023-07-23,11.0
2023-07-23,10.0
2023-07-23,8.0
2023-07-23,9.0
2023-07-23,8.0
2023-07-23,7.0
2023-07-23,11.0
2023-07-24,23.0
2023-07-24,20.0
2023-07-24,30.0
2023-07-24,20.0
2023-07-24,22.0
2023-07-24,20.0
2023-07-24,12.0
2023-07-24,19.0
2023-07-24,22.0
2023-07-24,20.0
2023-07-24,26.0
2023-07-24,23.0
2023-07-24,19.0
2023-07-24,21.0
2023-07-24,20.0
2023-07-24,18.0
2023-07-24,24.0
2023-07-24,20.0
2023-07-24,18.0
2023-07-24,22.0
2023-07-24,20.0
2023-07-24,22.0
2023-07-24,17.0
2023-07-24,23.0
2023-07-25,18.0
2023-07-25,20.0
2023-07-25,24.0
2023-07-25,15.0
2023-07-25,20.0
2023-07-25,18.0
2023-07-25,11.0
2023-07-25,14.0
2023-07-25,13.0
2023-07-25,24.0
2023-07-25,19.0
2023-07-25,18.0
2023-07-25,19.0
2023-07-25,14.0
2023-07-25,17.0
2023-07-25,18.0
2023-07-25,18.0
2023-07-25,19.0
2023-07-25,19.0
2023-07-25,17.0
2023-07-25,18.0
2023-07-25,21.0
2023-07-25,18.0
2023-07-25,15.0
2023-07-25,19.0
2023-07-26,14.0
2023-07-26,13.0
2023-07-26,16.0
2023-07-26,13.0
2023-07-26,15.0
2023-07-26,13.0
2023-07-26,8.0
2023-07-26,9.0
2023-07-26,12.0
2023-07-26,14.0
2023-07-26,14.0
2023-07-26,14.0
2023-07-26,10.0
2023-07-26,12.0
2023-07-26,14.0
2023-07-26,13.0
2023-07-26,15.0
2023-07-26,14.0
2023-07-26,13.0
2023-07-26,15.0
2023-07-26,11.0
2023-07-26,12.0
2023-07-26,10.0
2023-07-26,13.0
2023-07-27,23.0
2023-07-27,19.0
2023-07-27,26.0
2023-07-27,22.0
2023-07-27,24.0
2023-07-27,17.0
2023-07-27,14.0
2023-07-27,19.0
2023-07-27,22.0
2023-07-27,15.0
2023-07-27,24.0
2023-07-27,22.0
2023-07-27,23.0
2023-07-27,18.0
2023-07-27,22.0
2023-07-27,21.0
2023-07-27,19.0
2023-07-27,23.0
2023-07-27,22.0
2023-07-27,20.0
2023-07-27,24.0
2023-07-27,19.0
2023-07-27,21.0
2023-07-27,18.0
2023-07-27,22.0
2023-07-28,33.0
2023-07-28,30.0
2023-07-28,38.0
2023-07-28,31.0
2023-07-28,32.0
2023-07-28,33.0
2023-07-28,24.0
2023-07-28,28.0
2023-07-28,34.0
2023-07-28,25.0
2023-07-28,35.0
2023-07-28,32.0
2023-07-28,32.0
2023-07-28,25.0
2023-07-28,30.0
2023-07-28,32.0
2023-07-28,30.0
2023-07-28,35.0
2023-07-28,31.0
2023-07-28,29.0
2023-07-28,35.0
2023-07-28,28.0
2023-07-28,31.0
2023-07-28,28.0
2023-07-28,34.0
2023-07-29,36.0
2023-07-29,32.0
2023-07-29,32.0
2023-07-29,27.0
2023-07-29,31.0
2023-07-29,32.0
2023-07-29,22.0
2023-07-29,25.0
2023-07-29,28.0
2023-07-29,19.0
2023-07-29,31.0
2023-07-29,28.0
2023-07-29,29.0
2023-07-29,22.0
2023-07-29,27.0
2023-07-29,30.0
2023-07-29,18.0
2023-07-29,34.0
2023-07-29,29.0
2023-07-29,28.0
2023-07-29,32.0
2023-07-29,28.0
2023-07-29,26.0
2023-07-29,23.0
2023-07-29,32.0
2023-07-30,18.0
2023-07-30,16.0
2023-07-30,19.0
2023-07-30,14.0
2023-07-30,19.0
2023-07-30,16.0
2023-07-30,11.0
2023-07-30,14.0
2023-07-30,11.0
2023-07-30,8.0
2023-07-30,19.0
2023-07-30,17.0
2023-07-30,16.0
2023-07-30,11.0
2023-07-30,16.0
2023-07-30,13.0
2023-07-30,10.0
2023-07-30,18.0
2023-07-30,16.0
2023-07-30,17.0
2023-07-30,17.0
2023-07-30,7.0
2023-07-30,15.0
2023-07-30,12.0
2023-07-30,14.0
2023-07-31,31.0
2023-07-31,28.0
2023-07-31,33.0
2023-07-31,31.0
2023-07-31,35.0
2023-07-31,28.0
2023-07-31,24.0
2023-07-31,32.0
2023-07-31,29.0
2023-07-31,21.0
2023-07-31,29.0
2023-07-31,29.0
2023-07-31,30.0
2023-07-31,24.0
2023-07-31,31.0
2023-07-31,29.0
2023-07-31,21.0
2023-07-31,33.0
2023-07-31,32.0
2023-07-31,29.0
2023-07-31,31.0
2023-07-31,27.0
2023-07-31,26.0
2023-07-31,25.0
2023-07-31,30.0
2023-08-01,22.0
2023-08-01,29.0
2023-08-01,33.0
2023-08-01,24.0
2023-08-01,37.0
2023-08-01,21.0
2023-08-01,28.0
2023-08-01,35.0
2023-08-01,29.0
2023-08-01,21.0
2023-08-01,30.0
2023-08-01,36.0
2023-08-01,33.0
2023-08-01,22.0
2023-08-01,31.0
2023-08-01,17.0
2023-08-01,19.0
2023-08-01,35.0
2023-08-01,35.0
2023-08-01,32.0
2023-08-01,33.0
2023-08-01,21.0
2023-08-01,26.0
2023-08-01,25.0
2023-08-01,24.0
2023-08-02,35.0
2023-08-02,33.0
2023-08-02,34.0
2023-08-02,39.0
2023-08-02,40.0
2023-08-02,35.0
2023-08-02,32.0
2023-08-02,35.0
2023-08-02,30.0
2023-08-02,23.0
2023-08-02,35.0
2023-08-02,34.0
2023-08-02,35.0
2023-08-02,25.0
2023-08-02,35.0
2023-08-02,35.0
2023-08-02,21.0
2023-08-02,40.0
2023-08-02,44.0
2023-08-02,34.0
2023-08-02,36.0
2023-08-02,28.0
2023-08-02,32.0
2023-08-02,27.0
2023-08-02,36.0
2023-08-03,23.0
2023-08-03,21.0
2023-08-03,22.0
2023-08-03,27.0
2023-08-03,26.0
2023-08-03,23.0
2023-08-03,18.0
2023-08-03,22.0
2023-08-03,20.0
2023-08-03,15.0
2023-08-03,24.0
2023-08-03,21.0
2023-08-03,24.0
2023-08-03,16.0
2023-08-03,24.0
2023-08-03,24.0
2023-08-03,16.0
2023-08-03,25.0
2023-08-03,23.0
2023-08-03,26.0
2023-08-03,27.0
2023-08-03,20.0
2023-08-03,21.0
2023-08-03,18.0
2023-08-03,24.0
2023-08-04,22.0
2023-08-04,21.0
2023-08-04,21.0
2023-08-04,23.0
2023-08-04,22.0
2023-08-04,22.0
2023-08-04,14.0
2023-08-04,19.0
2023-08-04,20.0
2023-08-04,15.0
2023-08-04,23.0
2023-08-04,20.0
2023-08-04,22.0
2023-08-04,16.0
2023-08-04,24.0
2023-08-04,21.0
2023-08-04,14.0
2023-08-04,25.0
2023-08-04,22.0
2023-08-04,21.0
2023-08-04,24.0
2023-08-04,13.0
2023-08-04,19.0
2023-08-04,17.0
2023-08-04,22.0
2023-08-05,22.0
2023-08-05,23.0
2023-08-05,21.0
2023-08-05,22.0
2023-08-05,26.0
2023-08-05,21.0
2023-08-05,16.0
2023-08-05,21.0
2023-08-05,20.0
2023-08-05,14.0
2023-08-05,22.0
2023-08-05,20.0
2023-08-05,15.0
2023-08-05,21.0
2023-08-05,21.0
2023-08-05,12.0
2023-08-05,25.0
2023-08-05,22.0
2023-08-05,20.0
2023-08-05,22.0
2023-08-05,17.0
2023-08-05,17.0
2023-08-05,16.0
2023-08-05,22.0
2023-08-06,23.0
2023-08-06,19.0
2023-08-06,28.0
2023-08-06,26.0
2023-08-06,27.0
2023-08-06,20.0
2023-08-06,19.0
2023-08-06,21.0
2023-08-06,22.0
2023-08-06,17.0
2023-08-06,24.0
2023-08-06,24.0
2023-08-06,16.0
2023-08-06,20.0
2023-08-06,22.0
2023-08-06,13.0
2023-08-06,23.0
2023-08-06,25.0
2023-08-06,23.0
2023-08-06,24.0
2023-08-06,19.0
2023-08-06,20.0
2023-08-06,19.0
2023-08-06,23.0
2023-08-07,11.0
2023-08-07,8.0
2023-08-07,15.0
2023-08-07,13.0
2023-08-07,13.0
2023-08-07,11.0
2023-08-07,10.0
2023-08-07,12.0
2023-08-07,9.0
2023-08-07,9.0
2023-08-07,10.0
2023-08-07,14.0
2023-08-07,11.0
2023-08-07,7.0
2023-08-07,11.0
2023-08-07,10.0
2023-08-07,13.0
2023-08-07,12.0
2023-08-07,13.0
2023-08-07,11.0
2023-08-07,11.0
2023-08-07,9.0
2023-08-07,9.0
2023-08-07,11.0
2023-08-08,13.0
2023-08-08,6.0
2023-08-08,11.0
2023-08-08,9.0
2023-08-08,6.0
2023-08-08,5.0
2023-08-08,6.0
2023-08-08,6.0
2023-08-08,5.0
2023-08-08,8.0
2023-08-08,9.0
2023-08-08,11.0
2023-08-08,5.0
2023-08-08,10.0
2023-08-08,7.0
2023-08-08,9.0
2023-08-08,10.0
2023-08-08,10.0
2023-08-08,10.0
2023-08-08,8.0
2023-08-08,5.0
2023-08-08,8.0
2023-08-09,8.0
2023-08-09,7.0
2023-08-09,9.0
2023-08-09,9.0
2023-08-09,10.0
2023-08-09,6.0
2023-08-09,7.0
2023-08-09,8.0
2023-08-09,8.0
2023-08-09,6.0
2023-08-09,8.0
2023-08-09,9.0
2023-08-09,9.0
2023-08-09,5.0
2023-08-09,11.0
2023-08-09,8.0
2023-08-09,7.0
2023-08-09,10.0
2023-08-09,9.0
2023-08-09,10.0
2023-08-09,9.0
2023-08-09,3.0
2023-08-09,4.0
2023-08-09,6.0
2023-08-09,8.0
2023-08-10,4.0
2023-08-10,5.0
2023-08-10,4.0
2023-08-10,6.0
2023-08-10,7.0
2023-08-10,4.0
2023-08-10,3.0
2023-08-10,4.0
2023-08-10,5.0
2023-08-10,3.0
2023-08-10,5.0
2023-08-10,5.0
2023-08-10,6.0
2023-08-10,4.0
2023-08-10,4.0
2023-08-10,6.0
2023-08-10,4.0
2023-08-10,6.0
2023-08-10,5.0
2023-08-10,5.0
2023-08-10,5.0
2023-08-10,4.0
2023-08-10,4.0
2023-08-10,4.0
2023-08-10,6.0
2023-08-11,20.0
2023-08-11,19.0
2023-08-11,13.0
2023-08-11,18.0
2023-08-11,23.0
2023-08-11,20.0
2023-08-11,15.0
2023-08-11,17.0
2023-08-11,17.0
2023-08-11,12.0
2023-08-11,18.0
2023-08-11,20.0
2023-08-11,17.0
2023-08-11,13.0
2023-08-11,20.0
2023-08-11,19.0
2023-08-11,12.0
2023-08-11,20.0
2023-08-11,17.0
2023-08-11,17.0
2023-08-11,5.0
2023-08-11,4.0
2023-08-11,16.0
2023-08-11,15.0
2023-08-11,18.0
2023-08-12,19.0
2023-08-12,19.0
2023-08-12,19.0
2023-08-12,20.0
2023-08-12,22.0
2023-08-12,19.0
2023-08-12,14.0
2023-08-12,18.0
2023-08-12,20.0
2023-08-12,13.0
2023-08-12,19.0
2023-08-12,20.0
2023-08-12,19.0
2023-08-12,14.0
2023-08-12,19.0
2023-08-12,19.0
2023-08-12,13.0
2023-08-12,21.0
2023-08-12,20.0
2023-08-12,21.0
2023-08-12,20.0
2023-08-12,18.0
2023-08-12,18.0
2023-08-12,16.0
2023-08-12,19.0
2023-08-13,30.0
2023-08-13,29.0
2023-08-13,32.0
2023-08-13,19.0
2023-08-13,35.0
2023-08-13,23.0
2023-08-13,16.0
2023-08-13,31.0
2023-08-13,32.0
2023-08-13,24.0
2023-08-13,29.0
2023-08-13,30.0
2023-08-13,28.0
2023-08-13,24.0
2023-08-13,29.0
2023-08-13,28.0
2023-08-13,26.0
2023-08-13,32.0
2023-08-13,29.0
2023-08-13,28.0
2023-08-13,29.0
2023-08-13,29.0
2023-08-13,14.0
2023-08-13,24.0
2023-08-14,42.0
2023-08-14,40.0
2023-08-14,41.0
2023-08-14,44.0
2023-08-14,46.0
2023-08-14,41.0
2023-08-14,36.0
2023-08-14,38.0
2023-08-14,42.0
2023-08-14,33.0
2023-08-14,42.0
2023-08-14,39.0
2023-08-14,40.0
2023-08-14,33.0
2023-08-14,40.0
2023-08-14,41.0
2023-08-14,37.0
2023-08-14,45.0
2023-08-14,41.0
2023-08-14,45.0
2023-08-14,36.0
2023-08-14,39.0
2023-08-14,35.0
2023-08-15,26.0
2023-08-15,23.0
2023-08-15,28.0
2023-08-15,26.0
2023-08-15,30.0
2023-08-15,22.0
2023-08-15,22.0
2023-08-15,28.0
2023-08-15,26.0
2023-08-15,23.0
2023-08-15,27.0
2023-08-15,27.0
2023-08-15,27.0
2023-08-15,21.0
2023-08-15,25.0
2023-08-15,20.0
2023-08-15,20.0
2023-08-15,26.0
2023-08-15,28.0
2023-08-15,29.0
2023-08-15,24.0
2023-08-15,23.0
2023-08-15,21.0
2023-08-16,18.0
2023-08-16,16.0
2023-08-16,21.0
2023-08-16,23.0
2023-08-16,18.0
2023-08-16,13.0
2023-08-16,18.0
2023-08-16,19.0
2023-08-16,13.0
2023-08-16,14.0
2023-08-16,20.0
2023-08-16,18.0
2023-08-16,21.0
2023-08-16,15.0
2023-08-16,18.0
2023-08-16,17.0
2023-08-16,17.0
2023-08-16,19.0
2023-08-16,20.0
2023-08-16,20.0
2023-08-16,18.0
2023-08-16,12.0
2023-08-16,15.0
2023-08-17,29.0
2023-08-17,26.0
2023-08-17,28.0
2023-08-17,28.0
2023-08-17,29.0
2023-08-17,26.0
2023-08-17,15.0
2023-08-17,23.0
2023-08-17,26.0
2023-08-17,20.0
2023-08-17,28.0
2023-08-17,25.0
2023-08-17,26.0
2023-08-17,23.0
2023-08-17,25.0
2023-08-17,26.0
2023-08-17,24.0
2023-08-17,29.0
2023-08-17,21.0
2023-08-17,30.0
2023-08-17,25.0
2023-08-17,26.0
2023-08-17,23.0
2023-08-18,38.0
2023-08-18,34.0
2023-08-18,37.0
2023-08-18,38.0
2023-08-18,41.0
2023-08-18,37.0
2023-08-18,34.0
2023-08-18,36.0
2023-08-18,27.0
2023-08-18,39.0
2023-08-18,37.0
2023-08-18,36.0
2023-08-18,31.0
2023-08-18,34.0
2023-08-18,36.0
2023-08-18,38.0
2023-08-18,41.0
2023-08-18,35.0
2023-08-18,40.0
2023-08-18,36.0
2023-08-18,35.0
2023-08-18,32.0
2023-08-19,30.0
2023-08-19,33.0
2023-08-19,35.0
2023-08-19,23.0
2023-08-19,28.0
2023-08-19,32.0
2023-08-19,21.0
2023-08-19,22.0
2023-08-19,35.0
2023-08-19,29.0
2023-08-19,24.0
2023-08-19,24.0
2023-08-19,23.0
2023-08-19,26.0
2023-08-19,28.0
2023-08-19,29.0
2023-08-19,34.0
2023-08-19,23.0
2023-08-19,24.0
2023-08-19,29.0
2023-08-19,27.0
2023-08-19,25.0
2023-08-19,21.0
2023-08-19,34.0
2023-08-20,27.0
2023-08-20,29.0
2023-08-20,28.0
2023-08-20,23.0
2023-08-20,31.0
2023-08-20,29.0
2023-08-20,22.0
2023-08-20,24.0
2023-08-20,29.0
2023-08-20,28.0
2023-08-20,26.0
2023-08-20,26.0
2023-08-20,21.0
2023-08-20,24.0
2023-08-20,27.0
2023-08-20,27.0
2023-08-20,29.0
2023-08-20,25.0
2023-08-20,24.0
2023-08-20,29.0
2023-08-20,23.0
2023-08-20,25.0
2023-08-20,22.0
2023-08-20,30.0
2023-08-21,26.0
2023-08-21,25.0
2023-08-21,26.0
2023-08-21,30.0
2023-08-21,29.0
2023-08-21,27.0
2023-08-21,20.0
2023-08-21,23.0
2023-08-21,26.0
2023-08-21,29.0
2023-08-21,25.0
2023-08-21,25.0
2023-08-21,19.0
2023-08-21,28.0
2023-08-21,25.0
2023-08-21,22.0
2023-08-21,29.0
2023-08-21,25.0
2023-08-21,25.0
2023-08-21,31.0
2023-08-21,22.0
2023-08-21,23.0
2023-08-21,21.0
2023-08-21,27.0
2023-08-22,20.0
2023-08-22,24.0
2023-08-22,20.0
2023-08-22,21.0
2023-08-22,24.0
2023-08-22,15.0
2023-08-22,18.0
2023-08-22,20.0
2023-08-22,21.0
2023-08-22,20.0
2023-08-22,20.0
2023-08-22,14.0
2023-08-22,18.0
2023-08-22,20.0
2023-08-22,16.0
2023-08-22,23.0
2023-08-22,21.0
2023-08-22,22.0
2023-08-22,22.0
2023-08-22,15.0
2023-08-22,19.0
2023-08-22,13.0
2023-08-22,21.0
2023-08-23,10.0
2023-08-23,20.0
2023-08-23,9.0
2023-08-23,9.0
2023-08-23,11.0
2023-08-23,6.0
2023-08-23,9.0
2023-08-23,18.0
2023-08-23,10.0
2023-08-23,10.0
2023-08-23,9.0
2023-08-23,9.0
2023-08-23,5.0
2023-08-23,7.0
2023-08-23,12.0
2023-08-23,7.0
2023-08-23,13.0
2023-08-23,9.0
2023-08-23,10.0
2023-08-23,11.0
2023-08-23,10.0
2023-08-23,12.0
2023-08-23,9.0
2023-08-23,19.0
2023-08-24,7.0
2023-08-24,6.0
2023-08-24,7.0
2023-08-24,6.0
2023-08-24,10.0
2023-08-24,4.0
2023-08-24,9.0
2023-08-24,7.0
2023-08-24,4.0
2023-08-24,7.0
2023-08-24,8.0
2023-08-24,10.0
2023-08-24,4.0
2023-08-24,4.0
2023-08-24,7.0
2023-08-24,6.0
2023-08-24,9.0
2023-08-24,8.0
2023-08-24,9.0
2023-08-24,7.0
2023-08-24,5.0
2023-08-24,5.0
2023-08-24,8.0
2023-08-25,19.0
2023-08-25,17.0
2023-08-25,14.0
2023-08-25,15.0
2023-08-25,26.0
2023-08-25,11.0
2023-08-25,22.0
2023-08-25,17.0
2023-08-25,13.0
2023-08-25,19.0
2023-08-25,21.0
2023-08-25,22.0
2023-08-25,15.0
2023-08-25,12.0
2023-08-25,18.0
2023-08-25,14.0
2023-08-25,23.0
2023-08-25,21.0
2023-08-25,18.0
2023-08-25,22.0
2023-08-25,18.0
2023-08-25,9.0
2023-08-25,14.0
2023-08-25,18.0
2023-08-26,39.0
2023-08-26,39.0
2023-08-26,41.0
2023-08-26,37.0
2023-08-26,42.0
2023-08-26,38.0
2023-08-26,41.0
2023-08-26,37.0
2023-08-26,31.0
2023-08-26,42.0
2023-08-26,38.0
2023-08-26,41.0
2023-08-26,32.0
2023-08-26,38.0
2023-08-26,39.0
2023-08-26,32.0
2023-08-26,42.0
2023-08-26,39.0
2023-08-26,39.0
2023-08-26,42.0
2023-08-26,35.0
2023-08-26,37.0
2023-08-26,32.0
2023-08-26,40.0
2023-08-27,32.0
2023-08-27,28.0
2023-08-27,30.0
2023-08-27,30.0
2023-08-27,34.0
2023-08-27,27.0
2023-08-27,33.0
2023-08-27,29.0
2023-08-27,23.0
2023-08-27,30.0
2023-08-27,30.0
2023-08-27,31.0
2023-08-27,22.0
2023-08-27,26.0
2023-08-27,28.0
2023-08-27,21.0
2023-08-27,32.0
2023-08-27,30.0
2023-08-27,30.0
2023-08-27,32.0
2023-08-27,24.0
2023-08-27,26.0
2023-08-27,23.0
2023-08-27,29.0
2023-08-28,15.0
2023-08-28,14.0
2023-08-28,15.0
2023-08-28,16.0
2023-08-28,19.0
2023-08-28,10.0
2023-08-28,17.0
2023-08-28,15.0
2023-08-28,15.0
2023-08-28,17.0
2023-08-28,16.0
2023-08-28,14.0
2023-08-28,14.0
2023-08-28,11.0
2023-08-28,17.0
2023-08-28,16.0
2023-08-28,16.0
2023-08-28,15.0
2023-08-28,11.0
2023-08-28,13.0
2023-08-28,17.0
2023-08-29,14.0
2023-08-29,14.0
2023-08-29,16.0
2023-08-29,16.0
2023-08-29,16.0
2023-08-29,8.0
2023-08-29,16.0
2023-08-29,16.0
2023-08-29,15.0
2023-08-29,14.0
2023-08-29,16.0
2023-08-29,10.0
2023-08-29,13.0
2023-08-29,14.0
2023-08-29,10.0
2023-08-29,15.0
2023-08-29,14.0
2023-08-29,13.0
2023-08-29,17.0
2023-08-29,13.0
2023-08-29,15.0
2023-08-29,12.0
2023-08-30,18.0
2023-08-30,19.0
2023-08-30,22.0
2023-08-30,18.0
2023-08-30,23.0
2023-08-30,17.0
2023-08-30,23.0
2023-08-30,21.0
2023-08-30,21.0
2023-08-30,21.0
2023-08-30,19.0
2023-08-30,16.0
2023-08-30,18.0
2023-08-30,18.0
2023-08-30,14.0
2023-08-30,21.0
2023-08-30,20.0
2023-08-30,18.0
2023-08-30,20.0
2023-08-30,19.0
2023-08-30,17.0
2023-08-30,16.0
2023-08-30,20.0
2023-08-31,23.0
2023-08-31,28.0
2023-08-31,32.0
2023-08-31,21.0
2023-08-31,22.0
2023-08-31,20.0
2023-08-31,25.0
2023-08-31,22.0
2023-08-31,24.0
2023-08-31,23.0
2023-08-31,20.0
2023-08-31,18.0
2023-08-31,23.0
2023-08-31,21.0
2023-08-31,18.0
2023-08-31,26.0
2023-08-31,20.0
2023-08-31,19.0
2023-08-31,26.0
2023-08-31,17.0
2023-08-31,20.0
2023-08-31,17.0
2023-08-31,24.0
2023-09-01,28.0
2023-09-01,29.0
2023-09-01,28.0
2023-09-01,26.0
2023-09-01,31.0
2023-09-01,29.0
2023-09-01,23.0
2023-09-01,29.0
2023-09-01,28.0
2023-09-01,22.0
2023-09-01,25.0
2023-09-01,28.0
2023-09-01,29.0
2023-09-01,20.0
2023-09-01,27.0
2023-09-01,26.0
2023-09-01,20.0
2023-09-01,33.0
2023-09-01,25.0
2023-09-01,25.0
2023-09-01,30.0
2023-09-01,23.0
2023-09-01,25.0
2023-09-01,20.0
2023-09-01,27.0
2023-09-02,29.0
2023-09-02,34.0
2023-09-02,29.0
2023-09-02,31.0
2023-09-02,35.0
2023-09-02,28.0
2023-09-02,26.0
2023-09-02,31.0
2023-09-02,29.0
2023-09-02,24.0
2023-09-02,30.0
2023-09-02,29.0
2023-09-02,34.0
2023-09-02,21.0
2023-09-02,30.0
2023-09-02,28.0
2023-09-02,21.0
2023-09-02,32.0
2023-09-02,30.0
2023-09-02,30.0
2023-09-02,33.0
2023-09-02,27.0
2023-09-02,27.0
2023-09-02,24.0
2023-09-02,27.0
2023-09-03,19.0
2023-09-03,19.0
2023-09-03,18.0
2023-09-03,18.0
2023-09-03,21.0
2023-09-03,19.0
2023-09-03,13.0
2023-09-03,21.0
2023-09-03,18.0
2023-09-03,19.0
2023-09-03,19.0
2023-09-03,19.0
2023-09-03,20.0
2023-09-03,11.0
2023-09-03,16.0
2023-09-03,17.0
2023-09-03,13.0
2023-09-03,19.0
2023-09-03,18.0
2023-09-03,22.0
2023-09-03,19.0
2023-09-03,13.0
2023-09-03,16.0
2023-09-03,14.0
2023-09-04,18.0
2023-09-04,18.0
2023-09-04,18.0
2023-09-04,19.0
2023-09-04,23.0
2023-09-04,18.0
2023-09-04,13.0
2023-09-04,21.0
2023-09-04,17.0
2023-09-04,12.0
2023-09-04,17.0
2023-09-04,20.0
2023-09-04,21.0
2023-09-04,11.0
2023-09-04,17.0
2023-09-04,18.0
2023-09-04,12.0
2023-09-04,21.0
2023-09-04,19.0
2023-09-04,19.0
2023-09-04,19.0
2023-09-04,14.0
2023-09-04,16.0
2023-09-04,14.0
2023-09-04,18.0
2023-09-05,17.0
2023-09-05,16.0
2023-09-05,18.0
2023-09-05,20.0
2023-09-05,23.0
2023-09-05,17.0
2023-09-05,16.0
2023-09-05,19.0
2023-09-05,17.0
2023-09-05,12.0
2023-09-05,20.0
2023-09-05,19.0
2023-09-05,23.0
2023-09-05,9.0
2023-09-05,16.0
2023-09-05,15.0
2023-09-05,12.0
2023-09-05,20.0
2023-09-05,19.0
2023-09-05,18.0
2023-09-05,18.0
2023-09-05,13.0
2023-09-05,16.0
2023-09-05,14.0
2023-09-05,19.0
2023-09-06,17.0
2023-09-06,18.0
2023-09-06,21.0
2023-09-06,20.0
2023-09-06,22.0
2023-09-06,19.0
2023-09-06,16.0
2023-09-06,20.0
2023-09-06,17.0
2023-09-06,14.0
2023-09-06,23.0
2023-09-06,20.0
2023-09-06,22.0
2023-09-06,12.0
2023-09-06,18.0
2023-09-06,19.0
2023-09-06,13.0
2023-09-06,22.0
2023-09-06,19.0
2023-09-06,21.0
2023-09-06,21.0
2023-09-06,16.0
2023-09-06,15.0
2023-09-06,15.0
2023-09-06,19.0
2023-09-07,18.0
2023-09-07,45.0
2023-09-07,19.0
2023-09-07,18.0
2023-09-07,23.0
2023-09-07,24.0
2023-09-07,16.0
2023-09-07,16.0
2023-09-07,20.0
2023-09-07,18.0
2023-09-07,19.0
2023-09-07,21.0
2023-09-07,20.0
2023-09-07,13.0
2023-09-07,19.0
2023-09-07,17.0
2023-09-07,14.0
2023-09-07,21.0
2023-09-07,17.0
2023-09-07,19.0
2023-09-07,20.0
2023-09-07,14.0
2023-09-07,16.0
2023-09-07,15.0
2023-09-07,18.0
2023-09-08,18.0
2023-09-08,22.0
2023-09-08,15.0
2023-09-08,18.0
2023-09-08,23.0
2023-09-08,19.0
2023-09-08,18.0
2023-09-08,17.0
2023-09-08,18.0
2023-09-08,11.0
2023-09-08,19.0
2023-09-08,21.0
2023-09-08,17.0
2023-09-08,13.0
2023-09-08,19.0
2023-09-08,17.0
2023-09-08,13.0
2023-09-08,22.0
2023-09-08,18.0
2023-09-08,18.0
2023-09-08,21.0
2023-09-08,15.0
2023-09-08,16.0
2023-09-08,13.0
2023-09-08,18.0
2023-09-09,30.0
2023-09-09,33.0
2023-09-09,26.0
2023-09-09,34.0
2023-09-09,38.0
2023-09-09,32.0
2023-09-09,33.0
2023-09-09,35.0
2023-09-09,27.0
2023-09-09,19.0
2023-09-09,32.0
2023-09-09,34.0
2023-09-09,33.0
2023-09-09,27.0
2023-09-09,33.0
2023-09-09,29.0
2023-09-09,20.0
2023-09-09,35.0
2023-09-09,33.0
2023-09-09,30.0
2023-09-09,33.0
2023-09-09,29.0
2023-09-09,28.0
2023-09-09,24.0
2023-09-09,29.0
2023-09-10,38.0
2023-09-10,37.0
2023-09-10,35.0
2023-09-10,32.0
2023-09-10,41.0
2023-09-10,37.0
2023-09-10,36.0
2023-09-10,36.0
2023-09-10,35.0
2023-09-10,31.0
2023-09-10,37.0
2023-09-10,35.0
2023-09-10,38.0
2023-09-10,31.0
2023-09-10,36.0
2023-09-10,36.0
2023-09-10,24.0
2023-09-10,40.0
2023-09-10,33.0
2023-09-10,32.0
2023-09-10,39.0
2023-09-10,31.0
2023-09-10,34.0
2023-09-10,29.0
2023-09-10,36.0
2023-09-11,31.0
2023-09-11,39.0
2023-09-11,32.0
2023-09-11,27.0
2023-09-11,33.0
2023-09-11,37.0
2023-09-11,26.0
2023-09-11,29.0
2023-09-11,32.0
2023-09-11,28.0
2023-09-11,38.0
2023-09-11,30.0
2023-09-11,30.0
2023-09-11,24.0
2023-09-11,28.0
2023-09-11,31.0
2023-09-11,22.0
2023-09-11,35.0
2023-09-11,27.0
2023-09-11,27.0
2023-09-11,32.0
2023-09-11,27.0
2023-09-11,29.0
2023-09-11,22.0
2023-09-11,34.0
2023-09-12,31.0
2023-09-12,35.0
2023-09-12,26.0
2023-09-12,24.0
2023-09-12,34.0
2023-09-12,31.0
2023-09-12,32.0
2023-09-12,29.0
2023-09-12,28.0
2023-09-12,25.0
2023-09-12,33.0
2023-09-12,30.0
2023-09-12,32.0
2023-09-12,25.0
2023-09-12,23.0
2023-09-12,30.0
2023-09-12,18.0
2023-09-12,33.0
2023-09-12,29.0
2023-09-12,28.0
2023-09-12,33.0
2023-09-12,27.0
2023-09-12,28.0
2023-09-12,24.0
2023-09-12,29.0
2023-09-13,22.0
2023-09-13,21.0
2023-09-13,21.0
2023-09-13,23.0
2023-09-13,35.0
2023-09-13,21.0
2023-09-13,20.0
2023-09-13,21.0
2023-09-13,29.0
2023-09-13,18.0
2023-09-13,25.0
2023-09-13,24.0
2023-09-13,24.0
2023-09-13,16.0
2023-09-13,20.0
2023-09-13,21.0
2023-09-13,16.0
2023-09-13,24.0
2023-09-13,23.0
2023-09-13,23.0
2023-09-13,24.0
2023-09-13,21.0
2023-09-13,23.0
2023-09-13,21.0
2023-09-14,9.0
2023-09-14,9.0
2023-09-14,9.0
2023-09-14,8.0
2023-09-14,11.0
2023-09-14,6.0
2023-09-14,7.0
2023-09-14,9.0
2023-09-14,5.0
2023-09-14,10.0
2023-09-14,9.0
2023-09-14,11.0
2023-09-14,7.0
2023-09-14,8.0
2023-09-14,9.0
2023-09-14,9.0
2023-09-14,10.0
2023-09-14,9.0
2023-09-14,11.0
2023-09-14,10.0
2023-09-14,6.0
2023-09-14,6.0
2023-09-14,5.0
2023-09-14,10.0
2023-09-15,10.0
2023-09-15,12.0
2023-09-15,11.0
2023-09-15,8.0
2023-09-15,13.0
2023-09-15,6.0
2023-09-15,9.0
2023-09-15,9.0
2023-09-15,11.0
2023-09-15,12.0
2023-09-15,12.0
2023-09-15,7.0
2023-09-15,8.0
2023-09-15,10.0
2023-09-15,9.0
2023-09-15,12.0
2023-09-15,10.0
2023-09-15,13.0
2023-09-15,10.0
2023-09-15,6.0
2023-09-15,8.0
2023-09-15,8.0
2023-09-15,10.0
2023-09-16,11.0
2023-09-16,10.0
2023-09-16,12.0
2023-09-16,11.0
2023-09-16,16.0
2023-09-16,10.0
2023-09-16,8.0
2023-09-16,12.0
2023-09-16,10.0
2023-09-16,6.0
2023-09-16,12.0
2023-09-16,13.0
2023-09-16,14.0
2023-09-16,7.0
2023-09-16,5.0
2023-09-16,11.0
2023-09-16,10.0
2023-09-16,14.0
2023-09-16,13.0
2023-09-16,14.0
2023-09-16,12.0
2023-09-16,7.0
2023-09-16,10.0
2023-09-16,9.0
2023-09-16,11.0
2023-09-17,15.0
2023-09-17,16.0
2023-09-17,17.0
2023-09-17,15.0
2023-09-17,20.0
2023-09-17,12.0
2023-09-17,14.0
2023-09-17,17.0
2023-09-17,6.0
2023-09-17,16.0
2023-09-17,17.0
2023-09-17,17.0
2023-09-17,12.0
2023-09-17,3.0
2023-09-17,14.0
2023-09-17,16.0
2023-09-17,17.0
2023-09-17,17.0
2023-09-17,16.0
2023-09-17,17.0
2023-09-17,12.0
2023-09-17,12.0
2023-09-17,12.0
2023-09-17,16.0
2023-09-18,17.0
2023-09-18,28.0
2023-09-18,21.0
2023-09-18,15.0
2023-09-18,22.0
2023-09-18,26.0
2023-09-18,14.0
2023-09-18,18.0
2023-09-18,22.0
2023-09-18,17.0
2023-09-18,19.0
2023-09-18,16.0
2023-09-18,19.0
2023-09-18,15.0
2023-09-18,16.0
2023-09-18,18.0
2023-09-18,21.0
2023-09-18,19.0
2023-09-18,17.0
2023-09-18,16.0
2023-09-18,20.0
2023-09-18,14.0
2023-09-18,16.0
2023-09-18,13.0
2023-09-18,20.0
2023-09-19,28.0
2023-09-19,30.0
2023-09-19,26.0
2023-09-19,32.0
2023-09-19,23.0
2023-09-19,26.0
2023-09-19,29.0
2023-09-19,22.0
2023-09-19,26.0
2023-09-19,30.0
2023-09-19,24.0
2023-09-19,28.0
2023-09-19,23.0
2023-09-19,30.0
2023-09-19,27.0
2023-09-19,36.0
2023-09-19,36.0
2023-09-19,25.0
2023-09-19,20.0
2023-09-19,30.0
2023-09-19,26.0
2023-09-19,23.0
2023-09-19,30.0
2023-09-20,23.0
2023-09-20,22.0
2023-09-20,25.0
2023-09-20,25.0
2023-09-20,23.0
2023-09-20,20.0
2023-09-20,20.0
2023-09-20,21.0
2023-09-20,24.0
2023-09-20,24.0
2023-09-20,23.0
2023-09-20,27.0
2023-09-20,20.0
2023-09-20,25.0
2023-09-20,29.0
2023-09-20,22.0
2023-09-20,23.0
2023-09-20,22.0
2023-09-20,22.0
2023-09-20,22.0
2023-09-20,15.0
2023-09-20,19.0
2023-09-20,19.0
2023-09-20,23.0
2023-09-21,11.0
2023-09-21,10.0
2023-09-21,16.0
2023-09-21,13.0
2023-09-21,11.0
2023-09-21,8.0
2023-09-21,11.0
2023-09-21,10.0
2023-09-21,8.0
2023-09-21,12.0
2023-09-21,11.0
2023-09-21,21.0
2023-09-21,8.0
2023-09-21,7.0
2023-09-21,11.0
2023-09-21,12.0
2023-09-21,12.0
2023-09-21,11.0
2023-09-21,11.0
2023-09-21,13.0
2023-09-21,8.0
2023-09-21,9.0
2023-09-21,8.0
2023-09-21,11.0
2023-09-22,19.0
2023-09-22,17.0
2023-09-22,21.0
2023-09-22,25.0
2023-09-22,14.0
2023-09-22,18.0
2023-09-22,20.0
2023-09-22,19.0
2023-09-22,15.0
2023-09-22,22.0
2023-09-22,23.0
2023-09-22,21.0
2023-09-22,15.0
2023-09-22,23.0
2023-09-22,20.0
2023-09-22,21.0
2023-09-22,22.0
2023-09-22,20.0
2023-09-22,20.0
2023-09-22,24.0
2023-09-22,16.0
2023-09-22,19.0
2023-09-22,15.0
2023-09-22,18.0
2023-09-23,17.0
2023-09-23,16.0
2023-09-23,20.0
2023-09-23,24.0
2023-09-23,17.0
2023-09-23,14.0
2023-09-23,21.0
2023-09-23,18.0
2023-09-23,19.0
2023-09-23,21.0
2023-09-23,19.0
2023-09-23,12.0
2023-09-23,20.0
2023-09-23,18.0
2023-09-23,19.0
2023-09-23,25.0
2023-09-23,21.0
2023-09-23,21.0
2023-09-23,20.0
2023-09-23,15.0
2023-09-23,16.0
2023-09-23,15.0
2023-09-23,17.0
2023-09-24,11.0
2023-09-24,8.0
2023-09-24,12.0
2023-09-24,15.0
2023-09-24,11.0
2023-09-24,8.0
2023-09-24,11.0
2023-09-24,11.0
2023-09-24,12.0
2023-09-24,13.0
2023-09-24,13.0
2023-09-24,8.0
2023-09-24,12.0
2023-09-24,11.0
2023-09-24,12.0
2023-09-24,13.0
2023-09-24,12.0
2023-09-24,13.0
2023-09-24,12.0
2023-09-24,10.0
2023-09-24,10.0
2023-09-24,9.0
2023-09-24,11.0
2023-09-25,12.0
2023-09-25,10.0
2023-09-25,14.0
2023-09-25,17.0
2023-09-25,11.0
2023-09-25,10.0
2023-09-25,12.0
2023-09-25,8.0
2023-09-25,10.0
2023-09-25,14.0
2023-09-25,14.0
2023-09-25,15.0
2023-09-25,12.0
2023-09-25,15.0
2023-09-25,14.0
2023-09-25,10.0
2023-09-25,15.0
2023-09-25,11.0
2023-09-25,7.0
2023-09-25,10.0
2023-09-26,7.0
2023-09-26,5.0
2023-09-26,6.0
2023-09-26,9.0
2023-09-26,7.0
2023-09-26,3.0
2023-09-26,7.0
2023-09-26,5.0
2023-09-26,8.0
2023-09-26,7.0
2023-09-26,4.0
2023-09-26,4.0
2023-09-26,7.0
2023-09-26,5.0
2023-09-26,8.0
2023-09-26,7.0
2023-09-26,13.0
2023-09-26,7.0
2023-09-26,4.0
2023-09-26,4.0
2023-09-26,5.0
2023-09-27,10.0
2023-09-27,8.0
2023-09-27,11.0
2023-09-27,15.0
2023-09-27,4.0
2023-09-27,7.0
2023-09-27,11.0
2023-09-27,11.0
2023-09-27,6.0
2023-09-27,6.0
2023-09-27,10.0
2023-09-27,11.0
2023-09-27,9.0
2023-09-27,3.0
2023-09-27,10.0
2023-09-27,9.0
2023-09-27,11.0
2023-09-27,11.0
2023-09-27,11.0
2023-09-27,12.0
2023-09-27,9.0
2023-09-27,9.0
2023-09-27,7.0
2023-09-27,10.0
2023-09-28,47.0
2023-09-28,46.0
2023-09-28,48.0
2023-09-28,54.0
2023-09-28,46.0
2023-09-28,47.0
2023-09-28,47.0
2023-09-28,45.0
2023-09-28,44.0
2023-09-28,50.0
2023-09-28,46.0
2023-09-28,46.0
2023-09-28,47.0
2023-09-28,51.0
2023-09-28,44.0
2023-09-28,51.0
2023-09-28,45.0
2023-09-28,50.0
2023-09-28,44.0
2023-09-28,48.0
2023-09-28,47.0
2023-09-28,44.0
2023-09-28,38.0
2023-09-28,48.0
2023-09-29,37.0
2023-09-29,26.0
2023-09-29,52.0
2023-09-29,43.0
2023-09-29,38.0
2023-09-29,35.0
2023-09-29,38.0
2023-09-29,32.0
2023-09-29,24.0
2023-09-29,34.0
2023-09-29,42.0
2023-09-29,37.0
2023-09-29,25.0
2023-09-29,39.0
2023-09-29,34.0
2023-09-29,29.0
2023-09-29,41.0
2023-09-29,36.0
2023-09-29,35.0
2023-09-29,34.0
2023-09-29,26.0
2023-09-29,28.0
2023-09-29,31.0
2023-09-29,36.0
2023-09-30,25.0
2023-09-30,27.0
2023-09-30,29.0
2023-09-30,33.0
2023-09-30,27.0
2023-09-30,24.0
2023-09-30,25.0
2023-09-30,23.0
2023-09-30,17.0
2023-09-30,29.0
2023-09-30,27.0
2023-09-30,28.0
2023-09-30,27.0
2023-09-30,27.0
2023-09-30,26.0
2023-09-30,30.0
2023-09-30,26.0
2023-09-30,28.0
2023-09-30,25.0
2023-09-30,29.0
2023-09-30,28.0
2023-09-30,26.0
2023-09-30,23.0
2023-09-30,27.0
2023-10-01,26.0
2023-10-01,22.0
2023-10-01,25.0
2023-10-01,29.0
2023-10-01,27.0
2023-10-01,22.0
2023-10-01,23.0
2023-10-01,25.0
2023-10-01,22.0
2023-10-01,27.0
2023-10-01,26.0
2023-10-01,27.0
2023-10-01,23.0
2023-10-01,24.0
2023-10-01,26.0
2023-10-01,27.0
2023-10-01,25.0
2023-10-01,29.0
2023-10-01,23.0
2023-10-01,24.0
2023-10-01,21.0
2023-10-01,26.0
2023-10-02,18.0
2023-10-02,14.0
2023-10-02,18.0
2023-10-02,23.0
2023-10-02,19.0
2023-10-02,16.0
2023-10-02,16.0
2023-10-02,18.0
2023-10-02,13.0
2023-10-02,20.0
2023-10-02,17.0
2023-10-02,19.0
2023-10-02,19.0
2023-10-02,19.0
2023-10-02,20.0
2023-10-02,17.0
2023-10-02,17.0
2023-10-02,22.0
2023-10-02,14.0
2023-10-02,17.0
2023-10-02,13.0
2023-10-02,17.0
2023-10-03,19.0
2023-10-03,16.0
2023-10-03,22.0
2023-10-03,25.0
2023-10-03,18.0
2023-10-03,17.0
2023-10-03,20.0
2023-10-03,20.0
2023-10-03,15.0
2023-10-03,22.0
2023-10-03,21.0
2023-10-03,22.0
2023-10-03,19.0
2023-10-03,21.0
2023-10-03,21.0
2023-10-03,22.0
2023-10-03,22.0
2023-10-03,22.0
2023-10-03,15.0
2023-10-03,19.0
2023-10-03,17.0
2023-10-03,18.0
2023-10-04,21.0
2023-10-04,18.0
2023-10-04,24.0
2023-10-04,27.0
2023-10-04,20.0
2023-10-04,20.0
2023-10-04,23.0
2023-10-04,20.0
2023-10-04,18.0
2023-10-04,22.0
2023-10-04,23.0
2023-10-04,23.0
2023-10-04,21.0
2023-10-04,24.0
2023-10-04,22.0
2023-10-04,24.0
2023-10-04,21.0
2023-10-04,22.0
2023-10-04,20.0
2023-10-04,20.0
2023-10-04,17.0
2023-10-04,21.0
2023-10-05,30.0
2023-10-05,31.0
2023-10-05,34.0
2023-10-05,37.0
2023-10-05,30.0
2023-10-05,18.0
2023-10-05,34.0
2023-10-05,31.0
2023-10-05,30.0
2023-10-05,33.0
2023-10-05,32.0
2023-10-05,38.0
2023-10-05,30.0
2023-10-05,32.0
2023-10-05,36.0
2023-10-05,34.0
2023-10-05,33.0
2023-10-05,29.0
2023-10-05,35.0
2023-10-05,32.0
2023-10-05,30.0
2023-10-05,24.0
2023-10-05,31.0
2023-10-06,23.0
2023-10-06,15.0
2023-10-06,21.0
2023-10-06,28.0
2023-10-06,21.0
2023-10-06,23.0
2023-10-06,21.0
2023-10-06,21.0
2023-10-06,17.0
2023-10-06,25.0
2023-10-06,23.0
2023-10-06,25.0
2023-10-06,18.0
2023-10-06,28.0
2023-10-06,23.0
2023-10-06,23.0
2023-10-06,25.0
2023-10-06,24.0
2023-10-06,23.0
2023-10-06,27.0
2023-10-06,17.0
2023-10-06,22.0
2023-10-06,18.0
2023-10-06,20.0
2023-10-07,18.0
2023-10-07,18.0
2023-10-07,22.0
2023-10-07,28.0
2023-10-07,16.0
2023-10-07,17.0
2023-10-07,22.0
2023-10-07,21.0
2023-10-07,21.0
2023-10-07,21.0
2023-10-07,21.0
2023-10-07,23.0
2023-10-07,17.0
2023-10-07,21.0
2023-10-07,18.0
2023-10-07,23.0
2023-10-07,22.0
2023-10-07,36.0
2023-10-07,39.0
2023-10-07,21.0
2023-10-07,17.0
2023-10-07,18.0
2023-10-07,18.0
2023-10-07,18.0
2023-10-08,10.0
2023-10-08,8.0
2023-10-08,12.0
2023-10-08,15.0
2023-10-08,10.0
2023-10-08,8.0
2023-10-08,12.0
2023-10-08,13.0
2023-10-08,13.0
2023-10-08,12.0
2023-10-08,13.0
2023-10-08,13.0
2023-10-08,8.0
2023-10-08,10.0
2023-10-08,11.0
2023-10-08,13.0
2023-10-08,13.0
2023-10-08,12.0
2023-10-08,13.0
2023-10-08,12.0
2023-10-08,7.0
2023-10-08,9.0
2023-10-08,9.0
2023-10-08,10.0
2023-10-09,12.0
2023-10-09,9.0
2023-10-09,12.0
2023-10-09,16.0
2023-10-09,11.0
2023-10-09,9.0
2023-10-09,12.0
2023-10-09,13.0
2023-10-09,13.0
2023-10-09,13.0
2023-10-09,13.0
2023-10-09,8.0
2023-10-09,13.0
2023-10-09,9.0
2023-10-09,13.0
2023-10-09,14.0
2023-10-09,13.0
2023-10-09,10.0
2023-10-09,13.0
2023-10-09,7.0
2023-10-09,10.0
2023-10-09,9.0
2023-10-09,12.0
2023-10-10,18.0
2023-10-10,16.0
2023-10-10,17.0
2023-10-10,27.0
2023-10-10,18.0
2023-10-10,22.0
2023-10-10,20.0
2023-10-10,21.0
2023-10-10,19.0
2023-10-10,24.0
2023-10-10,23.0
2023-10-10,20.0
2023-10-10,21.0
2023-10-10,21.0
2023-10-10,25.0
2023-10-10,21.0
2023-10-10,22.0
2023-10-10,16.0
2023-10-10,16.0
2023-10-10,6.0
2023-10-10,18.0
2023-10-11,25.0
2023-10-11,19.0
2023-10-11,27.0
2023-10-11,30.0
2023-10-11,23.0
2023-10-11,19.0
2023-10-11,24.0
2023-10-11,23.0
2023-10-11,16.0
2023-10-11,27.0
2023-10-11,23.0
2023-10-11,25.0
2023-10-11,20.0
2023-10-11,27.0
2023-10-11,24.0
2023-10-11,25.0
2023-10-11,26.0
2023-10-11,26.0
2023-10-11,26.0
2023-10-11,29.0
2023-10-11,18.0
2023-10-11,21.0
2023-10-11,23.0
2023-10-12,27.0
2023-10-12,22.0
2023-10-12,30.0
2023-10-12,32.0
2023-10-12,21.0
2023-10-12,26.0
2023-10-12,28.0
2023-10-12,27.0
2023-10-12,19.0
2023-10-12,30.0
2023-10-12,28.0
2023-10-12,29.0
2023-10-12,26.0
2023-10-12,30.0
2023-10-12,28.0
2023-10-12,24.0
2023-10-12,31.0
2023-10-12,29.0
2023-10-12,27.0
2023-10-12,30.0
2023-10-12,22.0
2023-10-12,26.0
2023-10-12,23.0
2023-10-12,25.0
2023-10-13,37.0
2023-10-13,28.0
2023-10-13,34.0
2023-10-13,39.0
2023-10-13,33.0
2023-10-13,32.0
2023-10-13,35.0
2023-10-13,34.0
2023-10-13,23.0
2023-10-13,38.0
2023-10-13,32.0
2023-10-13,35.0
2023-10-13,32.0
2023-10-13,41.0
2023-10-13,34.0
2023-10-13,33.0
2023-10-13,40.0
2023-10-13,33.0
2023-10-13,32.0
2023-10-13,38.0
2023-10-13,30.0
2023-10-13,33.0
2023-10-13,29.0
2023-10-13,31.0
2023-10-14,29.0
2023-10-14,25.0
2023-10-14,25.0
2023-10-14,29.0
2023-10-14,25.0
2023-10-14,22.0
2023-10-14,27.0
2023-10-14,26.0
2023-10-14,31.0
2023-10-14,24.0
2023-10-14,27.0
2023-10-14,25.0
2023-10-14,30.0
2023-10-14,29.0
2023-10-14,29.0
2023-10-14,29.0
2023-10-14,25.0
2023-10-14,27.0
2023-10-14,32.0
2023-10-14,23.0
2023-10-14,26.0
2023-10-14,26.0
2023-10-14,28.0
2023-10-15,25.0
2023-10-15,18.0
2023-10-15,25.0
2023-10-15,31.0
2023-10-15,24.0
2023-10-15,32.0
2023-10-15,25.0
2023-10-15,24.0
2023-10-15,17.0
2023-10-15,27.0
2023-10-15,25.0
2023-10-15,24.0
2023-10-15,24.0
2023-10-15,31.0
2023-10-15,24.0
2023-10-15,21.0
2023-10-15,26.0
2023-10-15,25.0
2023-10-15,22.0
2023-10-15,27.0
2023-10-15,13.0
2023-10-15,23.0
2023-10-15,19.0
2023-10-15,24.0
2023-10-16,44.0
2023-10-16,42.0
2023-10-16,45.0
2023-10-16,49.0
2023-10-16,44.0
2023-10-16,47.0
2023-10-16,41.0
2023-10-16,43.0
2023-10-16,41.0
2023-10-16,47.0
2023-10-16,41.0
2023-10-16,44.0
2023-10-16,46.0
2023-10-16,50.0
2023-10-16,42.0
2023-10-16,44.0
2023-10-16,46.0
2023-10-16,44.0
2023-10-16,39.0
2023-10-16,47.0
2023-10-16,42.0
2023-10-16,43.0
2023-10-16,35.0
2023-10-16,43.0
2023-10-17,35.0
2023-10-17,26.0
2023-10-17,34.0
2023-10-17,37.0
2023-10-17,34.0
2023-10-17,36.0
2023-10-17,34.0
2023-10-17,33.0
2023-10-17,24.0
2023-10-17,37.0
2023-10-17,30.0
2023-10-17,33.0
2023-10-17,28.0
2023-10-17,39.0
2023-10-17,34.0
2023-10-17,33.0
2023-10-17,37.0
2023-10-17,34.0
2023-10-17,31.0
2023-10-17,37.0
2023-10-17,28.0
2023-10-17,34.0
2023-10-17,28.0
2023-10-17,34.0
2023-10-18,31.0
2023-10-18,28.0
2023-10-18,34.0
2023-10-18,36.0
2023-10-18,30.0
2023-10-18,31.0
2023-10-18,33.0
2023-10-18,27.0
2023-10-18,34.0
2023-10-18,30.0
2023-10-18,32.0
2023-10-18,31.0
2023-10-18,39.0
2023-10-18,31.0
2023-10-18,33.0
2023-10-18,35.0
2023-10-18,32.0
2023-10-18,30.0
2023-10-18,30.0
2023-10-18,31.0
2023-10-18,27.0
2023-10-18,31.0
2023-10-19,27.0
2023-10-19,26.0
2023-10-19,30.0
2023-10-19,35.0
2023-10-19,25.0
2023-10-19,31.0
2023-10-19,29.0
2023-10-19,27.0
2023-10-19,27.0
2023-10-19,31.0
2023-10-19,30.0
2023-10-19,29.0
2023-10-19,31.0
2023-10-19,40.0
2023-10-19,27.0
2023-10-19,31.0
2023-10-19,26.0
2023-10-19,30.0
2023-10-19,29.0
2023-10-19,29.0
2023-10-19,31.0
2023-10-19,26.0
2023-10-19,26.0
2023-10-19,27.0
2023-10-20,19.0
2023-10-20,22.0
2023-10-20,20.0
2023-10-20,22.0
2023-10-20,20.0
2023-10-20,18.0
2023-10-20,18.0
2023-10-20,20.0
2023-10-20,19.0
2023-10-20,21.0
2023-10-20,19.0
2023-10-20,20.0
2023-10-20,20.0
2023-10-20,27.0
2023-10-20,20.0
2023-10-20,19.0
2023-10-20,24.0
2023-10-20,22.0
2023-10-20,18.0
2023-10-20,21.0
2023-10-20,21.0
2023-10-20,19.0
2023-10-20,15.0
2023-10-20,20.0
2023-10-21,18.0
2023-10-21,16.0
2023-10-21,23.0
2023-10-21,18.0
2023-10-21,18.0
2023-10-21,18.0
2023-10-21,17.0
2023-10-21,14.0
2023-10-21,19.0
2023-10-21,18.0
2023-10-21,19.0
2023-10-21,17.0
2023-10-21,20.0
2023-10-21,18.0
2023-10-21,17.0
2023-10-21,21.0
2023-10-21,19.0
2023-10-21,18.0
2023-10-21,21.0
2023-10-21,18.0
2023-10-21,16.0
2023-10-21,13.0
2023-10-21,17.0
2023-10-22,22.0
2023-10-22,19.0
2023-10-22,25.0
2023-10-22,29.0
2023-10-22,22.0
2023-10-22,23.0
2023-10-22,23.0
2023-10-22,25.0
2023-10-22,14.0
2023-10-22,26.0
2023-10-22,22.0
2023-10-22,26.0
2023-10-22,20.0
2023-10-22,25.0
2023-10-22,23.0
2023-10-22,23.0
2023-10-22,24.0
2023-10-22,24.0
2023-10-22,22.0
2023-10-22,26.0
2023-10-22,21.0
2023-10-22,22.0
2023-10-22,19.0
2023-10-22,23.0
2023-10-23,30.0
2023-10-23,27.0
2023-10-23,30.0
2023-10-23,34.0
2023-10-23,29.0
2023-10-23,31.0
2023-10-23,27.0
2023-10-23,29.0
2023-10-23,28.0
2023-10-23,34.0
2023-10-23,27.0
2023-10-23,31.0
2023-10-23,29.0
2023-10-23,40.0
2023-10-23,29.0
2023-10-23,34.0
2023-10-23,30.0
2023-10-23,30.0
2023-10-23,28.0
2023-10-23,31.0
2023-10-23,30.0
2023-10-23,26.0
2023-10-23,24.0
2023-10-23,29.0
2023-10-24,33.0
2023-10-24,30.0
2023-10-24,33.0
2023-10-24,31.0
2023-10-24,35.0
2023-10-24,32.0
2023-10-24,31.0
2023-10-24,31.0
2023-10-24,34.0
2023-10-24,30.0
2023-10-24,32.0
2023-10-24,33.0
2023-10-24,45.0
2023-10-24,31.0
2023-10-24,38.0
2023-10-24,33.0
2023-10-24,34.0
2023-10-24,31.0
2023-10-24,32.0
2023-10-24,35.0
2023-10-24,31.0
2023-10-24,27.0
2023-10-24,31.0
2023-10-25,38.0
2023-10-25,30.0
2023-10-25,35.0
2023-10-25,37.0
2023-10-25,33.0
2023-10-25,38.0
2023-10-25,30.0
2023-10-25,34.0
2023-10-25,35.0
2023-10-25,39.0
2023-10-25,29.0
2023-10-25,34.0
2023-10-25,34.0
2023-10-25,49.0
2023-10-25,33.0
2023-10-25,42.0
2023-10-25,31.0
2023-10-25,36.0
2023-10-25,32.0
2023-10-25,35.0
2023-10-25,33.0
2023-10-25,34.0
2023-10-25,29.0
2023-10-25,34.0
2023-10-26,49.0
2023-10-26,56.0
2023-10-26,43.0
2023-10-26,54.0
2023-10-26,50.0
2023-10-26,43.0
2023-10-26,59.0
2023-10-26,53.0
2023-10-26,43.0
2023-10-26,49.0
2023-10-26,49.0
2023-10-26,45.0
2023-10-26,43.0
2023-10-26,49.0
2023-10-26,66.0
2023-10-26,42.0
2023-10-26,57.0
2023-10-26,43.0
2023-10-26,54.0
2023-10-26,44.0
2023-10-26,43.0
2023-10-26,54.0
2023-10-26,43.0
2023-10-26,41.0
2023-10-26,44.0
2023-10-27,26.0
2023-10-27,21.0
2023-10-27,25.0
2023-10-27,35.0
2023-10-27,38.0
2023-10-27,21.0
2023-10-27,33.0
2023-10-27,35.0
2023-10-27,24.0
2023-10-27,23.0
2023-10-27,30.0
2023-10-27,31.0
2023-10-27,34.0
2023-10-27,29.0
2023-10-27,35.0
2023-10-27,28.0
2023-10-27,28.0
2023-10-27,28.0
2023-10-27,32.0
2023-10-27,32.0
2023-10-27,31.0
2023-10-27,31.0
2023-10-27,26.0
2023-10-27,23.0
2023-10-27,22.0
2023-10-28,34.0
2023-10-28,31.0
2023-10-28,33.0
2023-10-28,38.0
2023-10-28,45.0
2023-10-28,23.0
2023-10-28,38.0
2023-10-28,36.0
2023-10-28,36.0
2023-10-28,30.0
2023-10-28,37.0
2023-10-28,36.0
2023-10-28,37.0
2023-10-28,32.0
2023-10-28,40.0
2023-10-28,33.0
2023-10-28,36.0
2023-10-28,35.0
2023-10-28,39.0
2023-10-28,35.0
2023-10-28,39.0
2023-10-28,34.0
2023-10-28,35.0
2023-10-28,29.0
2023-10-28,35.0
2023-10-29,30.0
2023-10-29,29.0
2023-10-29,27.0
2023-10-29,32.0
2023-10-29,38.0
2023-10-29,27.0
2023-10-29,29.0
2023-10-29,30.0
2023-10-29,30.0
2023-10-29,26.0
2023-10-29,32.0
2023-10-29,30.0
2023-10-29,31.0
2023-10-29,25.0
2023-10-29,30.0
2023-10-29,28.0
2023-10-29,29.0
2023-10-29,32.0
2023-10-29,31.0
2023-10-29,29.0
2023-10-29,33.0
2023-10-29,26.0
2023-10-29,28.0
2023-10-29,25.0
2023-10-29,27.0
2023-10-30,45.0
2023-10-30,49.0
2023-10-30,36.0
2023-10-30,42.0
2023-10-30,48.0
2023-10-30,39.0
2023-10-30,49.0
2023-10-30,38.0
2023-10-30,40.0
2023-10-30,39.0
2023-10-30,43.0
2023-10-30,41.0
2023-10-30,39.0
2023-10-30,41.0
2023-10-30,59.0
2023-10-30,39.0
2023-10-30,46.0
2023-10-30,46.0
2023-10-30,43.0
2023-10-30,38.0
2023-10-30,41.0
2023-10-30,39.0
2023-10-30,39.0
2023-10-30,34.0
2023-10-30,41.0
2023-10-31,54.0
2023-10-31,65.0
2023-10-31,40.0
2023-10-31,43.0
2023-10-31,43.0
2023-10-31,53.0
2023-10-31,51.0
2023-10-31,48.0
2023-10-31,44.0
2023-10-31,45.0
2023-10-31,53.0
2023-10-31,40.0
2023-10-31,40.0
2023-10-31,45.0
2023-10-31,61.0
2023-10-31,45.0
2023-10-31,58.0
2023-10-31,52.0
2023-10-31,45.0
2023-10-31,40.0
2023-10-31,45.0
2023-10-31,44.0
2023-10-31,47.0
2023-10-31,39.0
2023-10-31,53.0
2023-11-01,49.0
2023-11-01,56.0
2023-11-01,47.0
2023-11-01,42.0
2023-11-01,44.0
2023-11-01,43.0
2023-11-01,44.0
2023-11-01,48.0
2023-11-01,45.0
2023-11-01,48.0
2023-11-01,42.0
2023-11-01,41.0
2023-11-01,44.0
2023-11-01,63.0
2023-11-01,45.0
2023-11-01,53.0
2023-11-01,46.0
2023-11-01,44.0
2023-11-01,38.0
2023-11-01,43.0
2023-11-01,51.0
2023-11-01,49.0
2023-11-01,43.0
2023-11-01,40.0
2023-11-02,38.0
2023-11-02,44.0
2023-11-02,39.0
2023-11-02,35.0
2023-11-02,38.0
2023-11-02,37.0
2023-11-02,33.0
2023-11-02,39.0
2023-11-02,38.0
2023-11-02,37.0
2023-11-02,35.0
2023-11-02,34.0
2023-11-02,35.0
2023-11-02,55.0
2023-11-02,38.0
2023-11-02,41.0
2023-11-02,38.0
2023-11-02,38.0
2023-11-02,33.0
2023-11-02,37.0
2023-11-02,41.0
2023-11-02,39.0
2023-11-02,35.0
2023-11-02,34.0
2023-11-03,35.0
2023-11-03,34.0
2023-11-03,35.0
2023-11-03,32.0
2023-11-03,36.0
2023-11-03,32.0
2023-11-03,31.0
2023-11-03,37.0
2023-11-03,34.0
2023-11-03,31.0
2023-11-03,38.0
2023-11-03,31.0
2023-11-03,30.0
2023-11-03,28.0
2023-11-03,43.0
2023-11-03,34.0
2023-11-03,32.0
2023-11-03,34.0
2023-11-03,37.0
2023-11-03,29.0
2023-11-03,33.0
2023-11-03,34.0
2023-11-03,33.0
2023-11-03,29.0
2023-11-03,29.0
2023-11-04,45.0
2023-11-04,45.0
2023-11-04,47.0
2023-11-04,58.0
2023-11-04,57.0
2023-11-04,37.0
2023-11-04,52.0
2023-11-04,54.0
2023-11-04,44.0
2023-11-04,46.0
2023-11-04,49.0
2023-11-04,53.0
2023-11-04,54.0
2023-11-04,43.0
2023-11-04,53.0
2023-11-04,45.0
2023-11-04,47.0
2023-11-04,50.0
2023-11-04,55.0
2023-11-04,50.0
2023-11-04,50.0
2023-11-04,44.0
2023-11-04,43.0
2023-11-04,40.0
2023-11-04,35.0
2023-11-05,15.0
2023-11-05,11.0
2023-11-05,16.0
2023-11-05,14.0
2023-11-05,18.0
2023-11-05,15.0
2023-11-05,9.0
2023-11-05,20.0
2023-11-05,15.0
2023-11-05,12.0
2023-11-05,15.0
2023-11-05,16.0
2023-11-05,15.0
2023-11-05,11.0
2023-11-05,13.0
2023-11-05,15.0
2023-11-05,11.0
2023-11-05,17.0
2023-11-05,16.0
2023-11-05,15.0
2023-11-05,15.0
2023-11-05,15.0
2023-11-05,12.0
2023-11-05,12.0
2023-11-05,13.0
2023-11-06,20.0
2023-11-06,18.0
2023-11-06,22.0
2023-11-06,23.0
2023-11-06,25.0
2023-11-06,21.0
2023-11-06,18.0
2023-11-06,22.0
2023-11-06,21.0
2023-11-06,19.0
2023-11-06,21.0
2023-11-06,22.0
2023-11-06,21.0
2023-11-06,18.0
2023-11-06,21.0
2023-11-06,20.0
2023-11-06,19.0
2023-11-06,22.0
2023-11-06,23.0
2023-11-06,22.0
2023-11-06,21.0
2023-11-06,21.0
2023-11-06,19.0
2023-11-06,17.0
2023-11-06,17.0
2023-11-07,19.0
2023-11-07,19.0
2023-11-07,16.0
2023-11-07,21.0
2023-11-07,24.0
2023-11-07,20.0
2023-11-07,19.0
2023-11-07,20.0
2023-11-07,19.0
2023-11-07,20.0
2023-11-07,20.0
2023-11-07,20.0
2023-11-07,21.0
2023-11-07,19.0
2023-11-07,24.0
2023-11-07,18.0
2023-11-07,23.0
2023-11-07,21.0
2023-11-07,19.0
2023-11-07,22.0
2023-11-07,19.0
2023-11-07,20.0
2023-11-07,16.0
2023-11-07,17.0
2023-11-08,24.0
2023-11-08,24.0
2023-11-08,15.0
2023-11-08,26.0
2023-11-08,29.0
2023-11-08,23.0
2023-11-08,26.0
2023-11-08,23.0
2023-11-08,22.0
2023-11-08,17.0
2023-11-08,26.0
2023-11-08,24.0
2023-11-08,26.0
2023-11-08,19.0
2023-11-08,37.0
2023-11-08,27.0
2023-11-08,24.0
2023-11-08,27.0
2023-11-08,26.0
2023-11-08,26.0
2023-11-08,30.0
2023-11-08,18.0
2023-11-08,24.0
2023-11-08,20.0
2023-11-08,19.0
2023-11-09,27.0
2023-11-09,31.0
2023-11-09,27.0
2023-11-09,31.0
2023-11-09,32.0
2023-11-09,27.0
2023-11-09,33.0
2023-11-09,30.0
2023-11-09,29.0
2023-11-09,32.0
2023-11-09,31.0
2023-11-09,28.0
2023-11-09,29.0
2023-11-09,29.0
2023-11-09,42.0
2023-11-09,31.0
2023-11-09,31.0
2023-11-09,31.0
2023-11-09,33.0
2023-11-09,30.0
2023-11-09,28.0
2023-11-09,26.0
2023-11-09,25.0
2023-11-09,25.0
2023-11-10,17.0
2023-11-10,15.0
2023-11-10,15.0
2023-11-10,17.0
2023-11-10,19.0
2023-11-10,17.0
2023-11-10,14.0
2023-11-10,17.0
2023-11-10,18.0
2023-11-10,15.0
2023-11-10,16.0
2023-11-10,18.0
2023-11-10,18.0
2023-11-10,15.0
2023-11-10,21.0
2023-11-10,16.0
2023-11-10,14.0
2023-11-10,19.0
2023-11-10,18.0
2023-11-10,16.0
2023-11-10,17.0
2023-11-10,16.0
2023-11-10,16.0
2023-11-10,13.0
2023-11-10,16.0
2023-11-11,18.0
2023-11-11,19.0
2023-11-11,18.0
2023-11-11,20.0
2023-11-11,22.0
2023-11-11,18.0
2023-11-11,18.0
2023-11-11,19.0
2023-11-11,21.0
2023-11-11,17.0
2023-11-11,19.0
2023-11-11,19.0
2023-11-11,20.0
2023-11-11,17.0
2023-11-11,24.0
2023-11-11,18.0
2023-11-11,16.0
2023-11-11,21.0
2023-11-11,20.0
2023-11-11,18.0
2023-11-11,21.0
2023-11-11,18.0
2023-11-11,18.0
2023-11-11,15.0
2023-11-11,18.0
2023-11-12,18.0
2023-11-12,17.0
2023-11-12,19.0
2023-11-12,19.0
2023-11-12,22.0
2023-11-12,18.0
2023-11-12,16.0
2023-11-12,19.0
2023-11-12,22.0
2023-11-12,18.0
2023-11-12,20.0
2023-11-12,19.0
2023-11-12,20.0
2023-11-12,18.0
2023-11-12,22.0
2023-11-12,18.0
2023-11-12,18.0
2023-11-12,21.0
2023-11-12,20.0
2023-11-12,17.0
2023-11-12,21.0
2023-11-12,19.0
2023-11-12,18.0
2023-11-12,16.0
2023-11-12,19.0
2023-11-13,22.0
2023-11-13,24.0
2023-11-13,21.0
2023-11-13,24.0
2023-11-13,27.0
2023-11-13,22.0
2023-11-13,23.0
2023-11-13,24.0
2023-11-13,27.0
2023-11-13,27.0
2023-11-13,24.0
2023-11-13,23.0
2023-11-13,23.0
2023-11-13,22.0
2023-11-13,30.0
2023-11-13,22.0
2023-11-13,22.0
2023-11-13,25.0
2023-11-13,25.0
2023-11-13,21.0
2023-11-13,24.0
2023-11-13,24.0
2023-11-13,22.0
2023-11-13,20.0
2023-11-13,22.0
2023-11-14,27.0
2023-11-14,31.0
2023-11-14,21.0
2023-11-14,27.0
2023-11-14,28.0
2023-11-14,25.0
2023-11-14,27.0
2023-11-14,26.0
2023-11-14,26.0
2023-11-14,24.0
2023-11-14,27.0
2023-11-14,25.0
2023-11-14,26.0
2023-11-14,25.0
2023-11-14,35.0
2023-11-14,26.0
2023-11-14,25.0
2023-11-14,28.0
2023-11-14,28.0
2023-11-14,25.0
2023-11-14,27.0
2023-11-14,24.0
2023-11-14,26.0
2023-11-14,22.0
2023-11-14,22.0
2023-11-15,45.0
2023-11-15,51.0
2023-11-15,33.0
2023-11-15,50.0
2023-11-15,48.0
2023-11-15,41.0
2023-11-15,53.0
2023-11-15,43.0
2023-11-15,42.0
2023-11-15,40.0
2023-11-15,47.0
2023-11-15,43.0
2023-11-15,42.0
2023-11-15,39.0
2023-11-15,63.0
2023-11-15,43.0
2023-11-15,45.0
2023-11-15,44.0
2023-11-15,49.0
2023-11-15,44.0
2023-11-15,42.0
2023-11-15,38.0
2023-11-15,43.0
2023-11-15,36.0
2023-11-15,37.0
2023-11-16,46.0
2023-11-16,51.0
2023-11-16,40.0
2023-11-16,46.0
2023-11-16,44.0
2023-11-16,43.0
2023-11-16,44.0
2023-11-16,41.0
2023-11-16,34.0
2023-11-16,44.0
2023-11-16,50.0
2023-11-16,43.0
2023-11-16,43.0
2023-11-16,44.0
2023-11-16,57.0
2023-11-16,48.0
2023-11-16,48.0
2023-11-16,44.0
2023-11-16,49.0
2023-11-16,43.0
2023-11-16,41.0
2023-11-16,45.0
2023-11-16,47.0
2023-11-16,44.0
2023-11-16,42.0
2023-11-17,18.0
2023-11-17,17.0
2023-11-17,16.0
2023-11-17,19.0
2023-11-17,20.0
2023-11-17,18.0
2023-11-17,16.0
2023-11-17,19.0
2023-11-17,20.0
2023-11-17,16.0
2023-11-17,19.0
2023-11-17,19.0
2023-11-17,16.0
2023-11-17,17.0
2023-11-17,22.0
2023-11-17,20.0
2023-11-17,17.0
2023-11-17,20.0
2023-11-17,18.0
2023-11-17,17.0
2023-11-17,18.0
2023-11-17,18.0
2023-11-17,18.0
2023-11-17,15.0
2023-11-17,17.0
2023-11-18,21.0
2023-11-18,19.0
2023-11-18,21.0
2023-11-18,24.0
2023-11-18,26.0
2023-11-18,21.0
2023-11-18,21.0
2023-11-18,22.0
2023-11-18,24.0
2023-11-18,20.0
2023-11-18,23.0
2023-11-18,23.0
2023-11-18,23.0
2023-11-18,20.0
2023-11-18,27.0
2023-11-18,22.0
2023-11-18,20.0
2023-11-18,25.0
2023-11-18,23.0
2023-11-18,20.0
2023-11-18,24.0
2023-11-18,23.0
2023-11-18,21.0
2023-11-18,18.0
2023-11-18,21.0
2023-11-19,37.0
2023-11-19,43.0
2023-11-19,39.0
2023-11-19,42.0
2023-11-19,46.0
2023-11-19,37.0
2023-11-19,43.0
2023-11-19,40.0
2023-11-19,42.0
2023-11-19,38.0
2023-11-19,44.0
2023-11-19,40.0
2023-11-19,39.0
2023-11-19,39.0
2023-11-19,46.0
2023-11-19,39.0
2023-11-19,42.0
2023-11-19,39.0
2023-11-19,41.0
2023-11-19,36.0
2023-11-19,41.0
2023-11-19,42.0
2023-11-19,40.0
2023-11-19,35.0
2023-11-19,36.0
2023-11-20,30.0
2023-11-20,33.0
2023-11-20,27.0
2023-11-20,33.0
2023-11-20,36.0
2023-11-20,29.0
2023-11-20,33.0
2023-11-20,30.0
2023-11-20,32.0
2023-11-20,27.0
2023-11-20,32.0
2023-11-20,29.0
2023-11-20,30.0
2023-11-20,28.0
2023-11-20,40.0
2023-11-20,29.0
2023-11-20,31.0
2023-11-20,34.0
2023-11-20,31.0
2023-11-20,28.0
2023-11-20,31.0
2023-11-20,27.0
2023-11-20,30.0
2023-11-20,26.0
2023-11-20,26.0
2023-11-21,37.0
2023-11-21,40.0
2023-11-21,30.0
2023-11-21,39.0
2023-11-21,41.0
2023-11-21,32.0
2023-11-21,42.0
2023-11-21,31.0
2023-11-21,38.0
2023-11-21,34.0
2023-11-21,38.0
2023-11-21,36.0
2023-11-21,33.0
2023-11-21,32.0
2023-11-21,55.0
2023-11-21,36.0
2023-11-21,35.0
2023-11-21,36.0
2023-11-21,40.0
2023-11-21,36.0
2023-11-21,35.0
2023-11-21,30.0
2023-11-21,33.0
2023-11-21,28.0
2023-11-21,31.0
2023-11-22,42.0
2023-11-22,54.0
2023-11-22,36.0
2023-11-22,40.0
2023-11-22,43.0
2023-11-22,41.0
2023-11-22,40.0
2023-11-22,34.0
2023-11-22,47.0
2023-11-22,45.0
2023-11-22,46.0
2023-11-22,39.0
2023-11-22,35.0
2023-11-22,36.0
2023-11-22,54.0
2023-11-22,43.0
2023-11-22,47.0
2023-11-22,42.0
2023-11-22,41.0
2023-11-22,39.0
2023-11-22,38.0
2023-11-22,36.0
2023-11-22,41.0
2023-11-22,34.0
2023-11-22,40.0
2023-11-23,88.0
2023-11-23,98.0
2023-11-23,84.0
2023-11-23,100.0
2023-11-23,97.0
2023-11-23,82.0
2023-11-23,99.0
2023-11-23,94.0
2023-11-23,84.0
2023-11-23,88.0
2023-11-23,95.0
2023-11-23,91.0
2023-11-23,87.0
2023-11-23,87.0
2023-11-23,107.0
2023-11-23,87.0
2023-11-23,96.0
2023-11-23,83.0
2023-11-23,96.0
2023-11-23,85.0
2023-11-23,86.0
2023-11-23,91.0
2023-11-23,93.0
2023-11-23,81.0
2023-11-23,78.0
2023-11-24,14.0
2023-11-24,14.0
2023-11-24,17.0
2023-11-24,17.0
2023-11-24,16.0
2023-11-24,15.0
2023-11-24,15.0
2023-11-24,18.0
2023-11-24,17.0
2023-11-24,16.0
2023-11-24,17.0
2023-11-24,14.0
2023-11-24,15.0
2023-11-24,21.0
2023-11-24,15.0
2023-11-24,15.0
2023-11-24,18.0
2023-11-24,17.0
2023-11-24,15.0
2023-11-24,16.0
2023-11-24,16.0
2023-11-24,16.0
2023-11-24,13.0
2023-11-24,14.0
2023-11-25,17.0
2023-11-25,17.0
2023-11-25,17.0
2023-11-25,20.0
2023-11-25,19.0
2023-11-25,16.0
2023-11-25,18.0
2023-11-25,19.0
2023-11-25,20.0
2023-11-25,18.0
2023-11-25,19.0
2023-11-25,19.0
2023-11-25,18.0
2023-11-25,15.0
2023-11-25,27.0
2023-11-25,18.0
2023-11-25,17.0
2023-11-25,19.0
2023-11-25,19.0
2023-11-25,17.0
2023-11-25,19.0
2023-11-25,15.0
2023-11-25,18.0
2023-11-25,14.0
2023-11-25,18.0
2023-11-26,24.0
2023-11-26,24.0
2023-11-26,26.0
2023-11-26,25.0
2023-11-26,24.0
2023-11-26,23.0
2023-11-26,26.0
2023-11-26,23.0
2023-11-26,27.0
2023-11-26,23.0
2023-11-26,24.0
2023-11-26,25.0
2023-11-26,29.0
2023-11-26,24.0
2023-11-26,27.0
2023-11-26,26.0
2023-11-26,25.0
2023-11-26,22.0
2023-11-26,23.0
2023-11-26,24.0
2023-11-26,24.0
2023-11-26,21.0
2023-11-26,23.0
2023-11-27,39.0
2023-11-27,38.0
2023-11-27,41.0
2023-11-27,42.0
2023-11-27,40.0
2023-11-27,37.0
2023-11-27,40.0
2023-11-27,42.0
2023-11-27,43.0
2023-11-27,38.0
2023-11-27,38.0
2023-11-27,41.0
2023-11-27,52.0
2023-11-27,39.0
2023-11-27,43.0
2023-11-27,37.0
2023-11-27,40.0
2023-11-27,37.0
2023-11-27,38.0
2023-11-27,42.0
2023-11-27,42.0
2023-11-27,37.0
2023-11-27,36.0
2023-11-28,29.0
2023-11-28,28.0
2023-11-28,31.0
2023-11-28,31.0
2023-11-28,28.0
2023-11-28,30.0
2023-11-28,31.0
2023-11-28,27.0
2023-11-28,31.0
2023-11-28,31.0
2023-11-28,28.0
2023-11-28,28.0
2023-11-28,33.0
2023-11-28,29.0
2023-11-28,28.0
2023-11-28,31.0
2023-11-28,31.0
2023-11-28,27.0
2023-11-28,30.0
2023-11-28,30.0
2023-11-28,31.0
2023-11-28,26.0
2023-11-28,27.0
2023-11-29,16.0
2023-11-29,13.0
2023-11-29,18.0
2023-11-29,19.0
2023-11-29,15.0
2023-11-29,17.0
2023-11-29,18.0
2023-11-29,16.0
2023-11-29,19.0
2023-11-29,17.0
2023-11-29,16.0
2023-11-29,16.0
2023-11-29,27.0
2023-11-29,17.0
2023-11-29,18.0
2023-11-29,17.0
2023-11-29,10.0
2023-11-29,17.0
2023-11-29,17.0
2023-11-29,17.0
2023-11-29,17.0
2023-11-29,6.0
2023-11-29,16.0
2023-11-30,16.0
2023-11-30,14.0
2023-11-30,16.0
2023-11-30,20.0
2023-11-30,20.0
2023-11-30,17.0
2023-11-30,18.0
2023-11-30,18.0
2023-11-30,15.0
2023-11-30,18.0
2023-11-30,18.0
2023-11-30,16.0
2023-11-30,16.0
2023-11-30,23.0
2023-11-30,17.0
2023-11-30,15.0
2023-11-30,16.0
2023-11-30,19.0
2023-11-30,17.0
2023-11-30,17.0
2023-11-30,17.0
2023-11-30,18.0
2023-11-30,14.0
2023-11-30,14.0
2023-12-01,21.0
2023-12-01,21.0
2023-12-01,21.0
2023-12-01,26.0
2023-12-01,25.0
2023-12-01,21.0
2023-12-01,22.0
2023-12-01,23.0
2023-12-01,27.0
2023-12-01,24.0
2023-12-01,23.0
2023-12-01,24.0
2023-12-01,23.0
2023-12-01,22.0
2023-12-01,28.0
2023-12-01,22.0
2023-12-01,21.0
2023-12-01,24.0
2023-12-01,25.0
2023-12-01,21.0
2023-12-01,24.0
2023-12-01,22.0
2023-12-01,22.0
2023-12-01,18.0
2023-12-01,20.0
2023-12-02,35.0
2023-12-02,36.0
2023-12-02,32.0
2023-12-02,35.0
2023-12-02,39.0
2023-12-02,32.0
2023-12-02,36.0
2023-12-02,34.0
2023-12-02,37.0
2023-12-02,32.0
2023-12-02,35.0
2023-12-02,34.0
2023-12-02,33.0
2023-12-02,33.0
2023-12-02,45.0
2023-12-02,34.0
2023-12-02,34.0
2023-12-02,34.0
2023-12-02,36.0
2023-12-02,31.0
2023-12-02,34.0
2023-12-02,34.0
2023-12-02,35.0
2023-12-02,29.0
2023-12-02,29.0
2023-12-03,38.0
2023-12-03,35.0
2023-12-03,35.0
2023-12-03,42.0
2023-12-03,44.0
2023-12-03,35.0
2023-12-03,40.0
2023-12-03,37.0
2023-12-03,40.0
2023-12-03,32.0
2023-12-03,38.0
2023-12-03,40.0
2023-12-03,38.0
2023-12-03,35.0
2023-12-03,41.0
2023-12-03,35.0
2023-12-03,36.0
2023-12-03,38.0
2023-12-03,41.0
2023-12-03,35.0
2023-12-03,38.0
2023-12-03,35.0
2023-12-03,38.0
2023-12-03,33.0
2023-12-03,32.0
2023-12-04,41.0
2023-12-04,44.0
2023-12-04,37.0
2023-12-04,42.0
2023-12-04,44.0
2023-12-04,38.0
2023-12-04,46.0
2023-12-04,38.0
2023-12-04,45.0
2023-12-04,39.0
2023-12-04,44.0
2023-12-04,41.0
2023-12-04,39.0
2023-12-04,37.0
2023-12-04,52.0
2023-12-04,41.0
2023-12-04,44.0
2023-12-04,40.0
2023-12-04,40.0
2023-12-04,38.0
2023-12-04,40.0
2023-12-04,36.0
2023-12-04,43.0
2023-12-04,35.0
2023-12-04,34.0
2023-12-05,41.0
2023-12-05,45.0
2023-12-05,32.0
2023-12-05,49.0
2023-12-05,48.0
2023-12-05,36.0
2023-12-05,53.0
2023-12-05,40.0
2023-12-05,43.0
2023-12-05,36.0
2023-12-05,45.0
2023-12-05,41.0
2023-12-05,42.0
2023-12-05,36.0
2023-12-05,56.0
2023-12-05,40.0
2023-12-05,44.0
2023-12-05,43.0
2023-12-05,48.0
2023-12-05,45.0
2023-12-05,39.0
2023-12-05,36.0
2023-12-05,43.0
2023-12-05,37.0
2023-12-05,33.0
2023-12-06,51.0
2023-12-06,67.0
2023-12-06,60.0
2023-12-06,72.0
2023-12-06,75.0
2023-12-06,56.0
2023-12-06,76.0
2023-12-06,68.0
2023-12-06,63.0
2023-12-06,59.0
2023-12-06,69.0
2023-12-06,67.0
2023-12-06,59.0
2023-12-06,61.0
2023-12-06,75.0
2023-12-06,67.0
2023-12-06,66.0
2023-12-06,60.0
2023-12-06,72.0
2023-12-06,65.0
2023-12-06,57.0
2023-12-06,65.0
2023-12-06,67.0
2023-12-06,59.0
2023-12-06,55.0
2023-12-07,58.0
2023-12-07,59.0
2023-12-07,68.0
2023-12-07,66.0
2023-12-07,58.0
2023-12-07,71.0
2023-12-07,63.0
2023-12-07,67.0
2023-12-07,60.0
2023-12-07,64.0
2023-12-07,59.0
2023-12-07,64.0
2023-12-07,58.0
2023-12-07,78.0
2023-12-07,58.0
2023-12-07,68.0
2023-12-07,68.0
2023-12-07,62.0
2023-12-07,56.0
2023-12-07,65.0
2023-12-07,65.0
2023-12-07,62.0
2023-12-07,52.0
2023-12-07,51.0
2023-12-08,76.0
2023-12-08,76.0
2023-12-08,92.0
2023-12-08,91.0
2023-12-08,76.0
2023-12-08,91.0
2023-12-08,80.0
2023-12-08,82.0
2023-12-08,78.0
2023-12-08,85.0
2023-12-08,80.0
2023-12-08,84.0
2023-12-08,78.0
2023-12-08,92.0
2023-12-08,77.0
2023-12-08,83.0
2023-12-08,81.0
2023-12-08,88.0
2023-12-08,78.0
2023-12-08,84.0
2023-12-08,86.0
2023-12-08,80.0
2023-12-08,71.0
2023-12-08,62.0
2023-12-09,73.0
2023-12-09,72.0
2023-12-09,74.0
2023-12-09,75.0
2023-12-09,67.0
2023-12-09,77.0
2023-12-09,68.0
2023-12-09,74.0
2023-12-09,78.0
2023-12-09,70.0
2023-12-09,69.0
2023-12-09,68.0
2023-12-09,89.0
2023-12-09,72.0
2023-12-09,78.0
2023-12-09,71.0
2023-12-09,72.0
2023-12-09,65.0
2023-12-09,70.0
2023-12-09,75.0
2023-12-09,72.0
2023-12-09,62.0
2023-12-09,61.0
2023-12-10,76.0
2023-12-10,69.0
2023-12-10,75.0
2023-12-10,81.0
2023-12-10,70.0
2023-12-10,83.0
2023-12-10,78.0
2023-12-10,80.0
2023-12-10,81.0
2023-12-10,80.0
2023-12-10,73.0
2023-12-10,67.0
2023-12-10,80.0
2023-12-10,74.0
2023-12-10,82.0
2023-12-10,79.0
2023-12-10,72.0
2023-12-10,67.0
2023-12-10,81.0
2023-12-10,68.0
2023-12-10,78.0
2023-12-10,67.0
2023-12-10,60.0
2023-12-11,5.0
2023-12-11,4.0
2023-12-11,5.0
2023-12-11,6.0
2023-12-11,7.0
2023-12-11,5.0
2023-12-11,6.0
2023-12-11,6.0
2023-12-11,5.0
2023-12-11,6.0
2023-12-11,5.0
2023-12-11,5.0
2023-12-11,5.0
2023-12-11,5.0
2023-12-11,4.0
2023-12-11,6.0
2023-12-11,6.0
2023-12-11,7.0
2023-12-11,5.0
2023-12-11,4.0
2023-12-11,5.0
2023-12-11,4.0
2023-12-12,3.0
2023-12-12,4.0
2023-12-12,4.0
2023-12-12,11.0
2023-12-12,9.0
2023-12-12,5.0
2023-12-12,9.0
2023-12-12,7.0
2023-12-12,8.0
2023-12-12,8.0
2023-12-12,8.0
2023-12-12,8.0
2023-12-12,7.0
2023-12-12,9.0
2023-12-12,8.0
2023-12-12,8.0
2023-12-12,7.0
2023-12-12,10.0
2023-12-12,10.0
2023-12-12,8.0
2023-12-12,6.0
2023-12-12,7.0
2023-12-12,6.0
2023-12-12,6.0
2023-12-13,11.0
2023-12-13,10.0
2023-12-13,8.0
2023-12-13,16.0
2023-12-13,16.0
2023-12-13,9.0
2023-12-13,17.0
2023-12-13,13.0
2023-12-13,16.0
2023-12-13,13.0
2023-12-13,15.0
2023-12-13,14.0
2023-12-13,15.0
2023-12-13,11.0
2023-12-13,15.0
2023-12-13,14.0
2023-12-13,15.0
2023-12-13,15.0
2023-12-13,17.0
2023-12-13,19.0
2023-12-13,13.0
2023-12-13,10.0
2023-12-13,12.0
2023-12-13,10.0
2023-12-13,10.0
2023-12-14,7.0
2023-12-14,4.0
2023-12-14,7.0
2023-12-14,9.0
2023-12-14,10.0
2023-12-14,7.0
2023-12-14,9.0
2023-12-14,8.0
2023-12-14,12.0
2023-12-14,9.0
2023-12-14,10.0
2023-12-14,10.0
2023-12-14,8.0
2023-12-14,8.0
2023-12-14,9.0
2023-12-14,10.0
2023-12-14,10.0
2023-12-14,10.0
2023-12-14,12.0
2023-12-14,10.0
2023-12-14,7.0
2023-12-14,8.0
2023-12-14,8.0
2023-12-14,7.0
2023-12-15,4.0
2023-12-15,3.0
2023-12-15,6.0
2023-12-15,5.0
2023-12-15,7.0
2023-12-15,4.0
2023-12-15,7.0
2023-12-15,5.0
2023-12-15,6.0
2023-12-15,4.0
2023-12-15,5.0
2023-12-15,6.0
2023-12-15,5.0
2023-12-15,6.0
2023-12-15,5.0
2023-12-15,5.0
2023-12-15,4.0
2023-12-15,5.0
2023-12-15,6.0
2023-12-15,6.0
2023-12-15,6.0
2023-12-15,6.0
2023-12-15,4.0
2023-12-15,4.0
2023-12-16,17.0
2023-12-16,12.0
2023-12-16,18.0
2023-12-16,18.0
2023-12-16,19.0
2023-12-16,20.0
2023-12-16,19.0
2023-12-16,15.0
2023-12-16,16.0
2023-12-16,18.0
2023-12-16,18.0
2023-12-16,20.0
2023-12-16,15.0
2023-12-16,20.0
2023-12-16,18.0
2023-12-16,14.0
2023-12-16,19.0
2023-12-16,20.0
2023-12-16,17.0
2023-12-16,17.0
2023-12-16,19.0
2023-12-16,19.0
2023-12-16,16.0
2023-12-16,15.0
2023-12-17,12.0
2023-12-17,9.0
2023-12-17,16.0
2023-12-17,15.0
2023-12-17,15.0
2023-12-17,15.0
2023-12-17,13.0
2023-12-17,17.0
2023-12-17,11.0
2023-12-17,14.0
2023-12-17,15.0
2023-12-17,13.0
2023-12-17,12.0
2023-12-17,12.0
2023-12-17,11.0
2023-12-17,14.0
2023-12-17,16.0
2023-12-17,13.0
2023-12-17,13.0
2023-12-17,13.0
2023-12-17,11.0
2023-12-17,12.0
2023-12-18,13.0
2023-12-18,15.0
2023-12-18,15.0
2023-12-18,15.0
2023-12-18,14.0
2023-12-18,16.0
2023-12-18,14.0
2023-12-18,16.0
2023-12-18,13.0
2023-12-18,14.0
2023-12-18,15.0
2023-12-18,13.0
2023-12-18,11.0
2023-12-18,16.0
2023-12-18,15.0
2023-12-18,11.0
2023-12-18,16.0
2023-12-18,16.0
2023-12-18,14.0
2023-12-18,13.0
2023-12-18,12.0
2023-12-18,13.0
2023-12-18,11.0
2023-12-18,13.0
2023-12-19,26.0
2023-12-19,24.0
2023-12-19,22.0
2023-12-19,26.0
2023-12-19,29.0
2023-12-19,22.0
2023-12-19,31.0
2023-12-19,25.0
2023-12-19,27.0
2023-12-19,24.0
2023-12-19,30.0
2023-12-19,24.0
2023-12-19,23.0
2023-12-19,30.0
2023-12-19,27.0
2023-12-19,22.0
2023-12-19,24.0
2023-12-19,30.0
2023-12-19,24.0
2023-12-19,25.0
2023-12-19,23.0
2023-12-19,24.0
2023-12-19,21.0
2023-12-19,22.0
2023-12-20,42.0
2023-12-20,40.0
2023-12-20,48.0
2023-12-20,47.0
2023-12-20,45.0
2023-12-20,38.0
2023-12-20,42.0
2023-12-20,42.0
2023-12-20,47.0
2023-12-20,39.0
2023-12-20,42.0
2023-12-20,45.0
2023-12-20,38.0
2023-12-20,38.0
2023-12-20,46.0
2023-12-20,39.0
2023-12-20,38.0
2023-12-20,41.0
2023-12-20,46.0
2023-12-20,39.0
2023-12-20,40.0
2023-12-20,40.0
2023-12-20,41.0
2023-12-20,38.0
2023-12-20,37.0
2023-12-21,20.0
2023-12-21,16.0
2023-12-21,22.0
2023-12-21,22.0
2023-12-21,20.0
2023-12-21,18.0
2023-12-21,21.0
2023-12-21,20.0
2023-12-21,23.0
2023-12-21,20.0
2023-12-21,22.0
2023-12-21,19.0
2023-12-21,18.0
2023-12-21,22.0
2023-12-21,19.0
2023-12-21,17.0
2023-12-21,20.0
2023-12-21,22.0
2023-12-21,18.0
2023-12-21,20.0
2023-12-21,20.0
2023-12-21,20.0
2023-12-21,17.0
2023-12-21,18.0
2023-12-22,20.0
2023-12-22,18.0
2023-12-22,23.0
2023-12-22,23.0
2023-12-22,22.0
2023-12-22,18.0
2023-12-22,24.0
2023-12-22,23.0
2023-12-22,25.0
2023-12-22,18.0
2023-12-22,20.0
2023-12-22,22.0
2023-12-22,20.0
2023-12-22,20.0
2023-12-22,21.0
2023-12-22,20.0
2023-12-22,18.0
2023-12-22,22.0
2023-12-22,23.0
2023-12-22,19.0
2023-12-22,20.0
2023-12-22,22.0
2023-12-22,21.0
2023-12-22,18.0
2023-12-22,18.0
2023-12-23,27.0
2023-12-23,29.0
2023-12-23,31.0
2023-12-23,29.0
2023-12-23,31.0
2023-12-23,26.0
2023-12-23,31.0
2023-12-23,27.0
2023-12-23,39.0
2023-12-23,28.0
2023-12-23,30.0
2023-12-23,28.0
2023-12-23,28.0
2023-12-23,28.0
2023-12-23,28.0
2023-12-23,28.0
2023-12-23,32.0
2023-12-23,27.0
2023-12-23,31.0
2023-12-23,26.0
2023-12-23,27.0
2023-12-23,27.0
2023-12-23,32.0
2023-12-23,27.0
2023-12-23,25.0
2023-12-24,34.0
2023-12-24,35.0
2023-12-24,35.0
2023-12-24,36.0
2023-12-24,40.0
2023-12-24,28.0
2023-12-24,40.0
2023-12-24,32.0
2023-12-24,37.0
2023-12-24,30.0
2023-12-24,37.0
2023-12-24,36.0
2023-12-24,31.0
2023-12-24,33.0
2023-12-24,37.0
2023-12-24,35.0
2023-12-24,36.0
2023-12-24,29.0
2023-12-24,41.0
2023-12-24,33.0
2023-12-24,28.0
2023-12-24,33.0
2023-12-24,37.0
2023-12-24,33.0
2023-12-24,32.0
2023-12-25,43.0
2023-12-25,45.0
2023-12-25,43.0
2023-12-25,45.0
2023-12-25,48.0
2023-12-25,38.0
2023-12-25,47.0
2023-12-25,46.0
2023-12-25,49.0
2023-12-25,38.0
2023-12-25,44.0
2023-12-25,44.0
2023-12-25,35.0
2023-12-25,42.0
2023-12-25,46.0
2023-12-25,43.0
2023-12-25,45.0
2023-12-25,39.0
2023-12-25,45.0
2023-12-25,38.0
2023-12-25,37.0
2023-12-25,42.0
2023-12-25,43.0
2023-12-25,38.0
2023-12-25,41.0
2023-12-26,47.0
2023-12-26,49.0
2023-12-26,48.0
2023-12-26,42.0
2023-12-26,52.0
2023-12-26,40.0
2023-12-26,49.0
2023-12-26,46.0
2023-12-26,55.0
2023-12-26,50.0
2023-12-26,50.0
2023-12-26,46.0
2023-12-26,44.0
2023-12-26,47.0
2023-12-26,52.0
2023-12-26,48.0
2023-12-26,50.0
2023-12-26,44.0
2023-12-26,51.0
2023-12-26,44.0
2023-12-26,45.0
2023-12-26,48.0
2023-12-26,51.0
2023-12-26,43.0
2023-12-26,43.0
2023-12-27,69.0
2023-12-27,68.0
2023-12-27,69.0
2023-12-27,88.0
2023-12-27,92.0
2023-12-27,57.0
2023-12-27,85.0
2023-12-27,77.0
2023-12-27,68.0
2023-12-27,78.0
2023-12-27,84.0
2023-12-27,70.0
2023-12-27,73.0
2023-12-27,85.0
2023-12-27,70.0
2023-12-27,76.0
2023-12-27,65.0
2023-12-27,89.0
2023-12-27,75.0
2023-12-27,69.0
2023-12-27,74.0
2023-12-27,83.0
2023-12-27,72.0
2023-12-27,59.0
2023-12-28,48.0
2023-12-28,49.0
2023-12-28,49.0
2023-12-28,58.0
2023-12-28,60.0
2023-12-28,44.0
2023-12-28,58.0
2023-12-28,58.0
2023-12-28,50.0
2023-12-28,48.0
2023-12-28,49.0
2023-12-28,50.0
2023-12-28,52.0
2023-12-28,55.0
2023-12-28,49.0
2023-12-28,51.0
2023-12-28,53.0
2023-12-28,58.0
2023-12-28,50.0
2023-12-28,45.0
2023-12-28,49.0
2023-12-28,54.0
2023-12-28,46.0
2023-12-28,48.0
2023-12-29,44.0
2023-12-29,43.0
2023-12-29,39.0
2023-12-29,46.0
2023-12-29,47.0
2023-12-29,40.0
2023-12-29,43.0
2023-12-29,46.0
2023-12-29,40.0
2023-12-29,45.0
2023-12-29,44.0
2023-12-29,38.0
2023-12-29,40.0
2023-12-29,47.0
2023-12-29,43.0
2023-12-29,43.0
2023-12-29,42.0
2023-12-29,44.0
2023-12-29,39.0
2023-12-29,40.0
2023-12-29,39.0
2023-12-29,45.0
2023-12-29,38.0
2023-12-29,38.0
2023-12-30,42.0
2023-12-30,42.0
2023-12-30,31.0
2023-12-30,40.0
2023-12-30,47.0
2023-12-30,36.0
2023-12-30,45.0
2023-12-30,42.0
2023-12-30,41.0
2023-12-30,32.0
2023-12-30,41.0
2023-12-30,46.0
2023-12-30,33.0
2023-12-30,29.0
2023-12-30,46.0
2023-12-30,40.0
2023-12-30,37.0
2023-12-30,40.0
2023-12-30,43.0
2023-12-30,40.0
2023-12-30,35.0
2023-12-30,29.0
2023-12-30,39.0
2023-12-30,33.0
2023-12-30,35.0
2023-12-31,23.0
2023-12-31,18.0
2023-12-31,15.0
2023-12-31,26.0
2023-12-31,30.0
2023-12-31,19.0
2023-12-31,26.0
2023-12-31,25.0
2023-12-31,22.0
2023-12-31,15.0
2023-12-31,23.0
2023-12-31,25.0
2023-12-31,22.0
2023-12-31,20.0
2023-12-31,26.0
2023-12-31,24.0
2023-12-31,21.0
2023-12-31,21.0
2023-12-31,27.0
2023-12-31,23.0
2023-12-31,22.0
2023-12-31,21.0
2023-12-31,22.0
2023-12-31,20.0
2023-12-31,20.0
